Country,Unemployment Rate,Year
South Africa,28.74,2020
Palestine,27.35,2020
Lesotho,24.65,2020
Swaziland,23.4,2020
Gabon,20.47,2020
Namibia,20.35,2020
St. Vincent & ...,20.27,2020
Armenia,20.21,2020
Libya,19.39,2020
Jordan,18.5,2020
North Macedonia,18.4,2020
Sudan,17.71,2020
Botswana,17.7,2020
Saint Lucia,17.13,2020
Costa Rica,17.08,2020
Bosnia & Herz.,16.85,2020
Greece,16.85,2020
Tunisia,16.69,2020
N. Caledonia,16.52,2020
Montenegro,15.86,2020
Guyana,15.82,2020
Spain,15.67,2020
Colombia,15.44,2020
Haiti,14.5,2020
Bahamas,14.41,2020
Turkey,13.92,2020
S.T.&Principe,13.86,2020
Iraq,13.74,2020
Brazil,13.67,2020
Yemen,13.42,2020
Cape Verde,13.41,2020
Somalia,13.1,2020
Algeria,12.83,2020
Barbados,12.79,2020
Uruguay,12.67,2020
Zambia,12.17,2020
Georgia,12.05,2020
Afghanistan,11.73,2020
Albania,11.7,2020
Argentina,11.67,2020
Djibouti,11.57,2020
Chile,11.51,2020
Puerto Rico,11.17,2020
Iran,10.96,2020
Mauritania,10.66,2020
Egypt,10.45,2020
R. of Congo,10.27,2020
Panama,10.23,2020
Morocco,10.15,2020
Gambia,9.64,2020
Canada,9.48,2020
Ukraine,9.48,2020
Honduras,9.39,2020
Italy,9.31,2020
Eq. Guinea,9.15,2020
Venezuela,9.14,2020
Serbia,9.08,2020
Syria,9.03,2020
Nigeria,9.01,2020
Domin. Rep.,8.9,2020
Samoa,8.87,2020
Suriname,8.65,2020
France,8.62,2020
Sweden,8.45,2020
Comoros,8.43,2020
Lithuania,8.43,2020
Jamaica,8.4,2020
Brunei,8.37,2020
USA,8.31,2020
Saudi Arabia,8.22,2020
Euro area,8.2,2020
Latvia,8.19,2020
Kyrgyzstan,7.89,2020
Finland,7.83,2020
Belize,7.82,2020
Angola,7.7,2020
Paraguay,7.61,2020
Mali,7.5,2020
Tajikistan,7.5,2020
Eritrea,7.44,2020
Cyprus,7.21,2020
Croatia,7.2,2020
Portugal,7.2,2020
Maldives,7.18,2020
India,7.11,2020
Mauritius,7.11,2020
Senegal,7.1,2020
El Salvador,6.98,2020
Luxembourg,6.96,2020
Kuwait,6.79,2020
Slovakia,6.79,2020
Tr.&Tobago,6.74,2020
Australia,6.61,2020
Lebanon,6.61,2020
Estonia,6.46,2020
Azerbaijan,6.27,2020
Peru,6.24,2020
Ecuador,6.23,2020
Kazakhstan,6.05,2020
Belgium,6.01,2020
Malawi,5.99,2020
Uzbekistan,5.97,2020
Ireland,5.92,2020
Nicaragua,5.82,2020
Hong Kong,5.8,2020
Austria,5.77,2020
Russia,5.73,2020
Zimbabwe,5.73,2020
Bulgaria,5.71,2020
Denmark,5.66,2020
Bolivia,5.61,2020
Bangladesh,5.3,2020
Belarus,5.28,2020
Singapore,5.19,2020
Slovenia,5.17,2020
Iceland,5.01,2020
China,5,2020
UA Emirates,5,2020
Oman,4.97,2020
Burkina Faso,4.96,2020
Switzerland,4.94,2020
Romania,4.84,2020
Sri Lanka,4.84,2020
Fiji,4.79,2020
Mexico,4.71,2020
Moldova,4.71,2020
Guatemala,4.65,2020
Pakistan,4.65,2020
Norway,4.62,2020
Israel,4.61,2020
Sierra Leone,4.6,2020
DR Congo,4.55,2020
Malaysia,4.55,2020
New Zealand,4.55,2020
Ghana,4.53,2020
Nepal,4.44,2020
Turkmenistan,4.38,2020
Tonga,4.37,2020
Guinea,4.35,2020
Hungary,4.35,2020
UK,4.34,2020
C.A. Republic,4.33,2020
Mongolia,4.33,2020
Germany,4.31,2020
Indonesia,4.11,2020
Bahrain,4.09,2020
Malta,4.09,2020
Netherlands,4.09,2020
South Korea,4.07,2020
Togo,4.05,2020
Bhutan,3.74,2020
Cameroon,3.62,2020
Poland,3.55,2020
Ivory Coast,3.5,2020
Qatar,3.45,2020
Mozambique,3.39,2020
Philippines,3.36,2020
Liberia,3.3,2020
G.-Bissau,3.16,2020
Kenya,2.98,2020
Japan,2.97,2020
Czechia,2.94,2020
North Korea,2.81,2020
Ethiopia,2.79,2020
Papua N.G.,2.74,2020
Benin,2.54,2020
Macao,2.5,2020
Uganda,2.44,2020
Vietnam,2.27,2020
Chad,2.26,2020
Tanzania,2.16,2020
Vanuatu,1.95,2020
Madagascar,1.92,2020
Burma,1.79,2020
Rwanda,1.35,2020
Thailand,1.02,2020
Laos,0.95,2020
Burundi,0.8,2020
Solomon Isl.,0.79,2020
Niger,0.69,2020
Cambodia,0.31,2020
South Africa,28.47,2019
Palestine,25.34,2019
Lesotho,23.86,2019
Swaziland,22.24,2019
Namibia,19.75,2019
Gabon,19.64,2019
Armenia,18.81,2019
St. Vincent & ...,18.62,2019
Libya,18.34,2019
Greece,17.31,2019
North Macedonia,17.26,2019
Botswana,17.21,2019
Jordan,16.85,2019
Sudan,16.76,2019
Bosnia & Herz.,15.69,2019
Saint Lucia,15.59,2019
N. Caledonia,15.45,2019
Tunisia,15.13,2019
Montenegro,15.12,2019
Spain,14.1,2019
Guyana,13.91,2019
Turkey,13.67,2019
Haiti,13.48,2019
S.T.&Principe,13.05,2019
Yemen,12.9,2019
Somalia,12.79,2019
Iraq,12.76,2019
Cape Verde,12.07,2019
Brazil,11.93,2019
Zambia,11.91,2019
Algeria,11.81,2019
Georgia,11.57,2019
Costa Rica,11.49,2019
Albania,11.47,2019
Iran,11.14,2019
Afghanistan,10.98,2019
Djibouti,10.97,2019
Serbia,10.4,2019
Mauritania,10.13,2019
Bahamas,10.11,2019
Barbados,10.1,2019
Colombia,9.96,2019
Italy,9.95,2019
Argentina,9.84,2019
Egypt,9.73,2019
R. of Congo,9.6,2019
Uruguay,9.35,2019
Morocco,9.01,2019
Gambia,8.94,2019
Nigeria,8.53,2019
France,8.44,2019
Puerto Rico,8.3,2019
Samoa,8.22,2019
Ukraine,8.19,2019
Syria,8.16,2019
Eq. Guinea,7.95,2019
Jamaica,7.72,2019
Comoros,7.7,2019
Euro area,7.55,2019
Chile,7.29,2019
Mali,7.24,2019
Venezuela,7.16,2019
Cyprus,7.07,2019
Suriname,6.94,2019
Angola,6.93,2019
Brunei,6.92,2019
Sweden,6.83,2019
Kyrgyzstan,6.72,2019
Finland,6.7,2019
Tajikistan,6.66,2019
Croatia,6.62,2019
Paraguay,6.6,2019
Senegal,6.47,2019
Belize,6.46,2019
Portugal,6.46,2019
Domin. Rep.,6.36,2019
Mauritius,6.36,2019
Eritrea,6.34,2019
Latvia,6.31,2019
Lithuania,6.26,2019
Saudi Arabia,6.13,2019
Lebanon,6.04,2019
Maldives,5.82,2019
Slovakia,5.75,2019
Canada,5.66,2019
Uzbekistan,5.65,2019
Luxembourg,5.6,2019
Honduras,5.57,2019
Malawi,5.56,2019
Belgium,5.36,2019
Mongolia,5.31,2019
India,5.27,2019
Australia,5.16,2019
Nicaragua,5.14,2019
Moldova,5.1,2019
Denmark,5.02,2019
Zimbabwe,5.02,2019
Ireland,4.95,2019
Azerbaijan,4.84,2019
Kazakhstan,4.8,2019
Panama,4.74,2019
Belarus,4.71,2019
Burkina Faso,4.62,2019
China,4.6,2019
Russia,4.6,2019
Austria,4.49,2019
Estonia,4.45,2019
Slovenia,4.45,2019
Switzerland,4.39,2019
Sierra Leone,4.36,2019
Sri Lanka,4.27,2019
Bulgaria,4.23,2019
Bangladesh,4.22,2019
Guinea,4.14,2019
DR Congo,4.13,2019
Ghana,4.12,2019
Fiji,4.11,2019
New Zealand,4.07,2019
C.A. Republic,4.04,2019
Pakistan,3.98,2019
El Salvador,3.96,2019
Romania,3.91,2019
Ecuador,3.81,2019
Israel,3.8,2019
South Korea,3.75,2019
Turkmenistan,3.74,2019
UK,3.74,2019
Norway,3.69,2019
USA,3.67,2019
Indonesia,3.62,2019
Togo,3.6,2019
Iceland,3.51,2019
Mexico,3.48,2019
Bolivia,3.46,2019
Tr.&Tobago,3.46,2019
Hungary,3.42,2019
Malta,3.4,2019
Netherlands,3.38,2019
Cameroon,3.32,2019
Malaysia,3.31,2019
Poland,3.28,2019
Mozambique,3.19,2019
Ivory Coast,3.17,2019
Germany,3.14,2019
Singapore,3.1,2019
Peru,3.03,2019
Tonga,3.01,2019
Hong Kong,2.96,2019
Liberia,2.89,2019
Nepal,2.85,2019
G.-Bissau,2.79,2019
North Korea,2.62,2019
Kenya,2.6,2019
Kuwait,2.41,2019
Japan,2.4,2019
Papua N.G.,2.37,2019
Guatemala,2.36,2019
Benin,2.32,2019
UA Emirates,2.28,2019
Bhutan,2.27,2019
Philippines,2.24,2019
Ethiopia,2.04,2019
Vietnam,2.04,2019
Czechia,2.01,2019
Tanzania,1.96,2019
Chad,1.91,2019
Oman,1.84,2019
Uganda,1.72,2019
Macao,1.7,2019
Vanuatu,1.69,2019
Madagascar,1.67,2019
Bahrain,1.56,2019
Burundi,1.42,2019
Rwanda,0.99,2019
Thailand,0.72,2019
Laos,0.62,2019
Solomon Isl.,0.6,2019
Burma,0.5,2019
Niger,0.46,2019
Cambodia,0.13,2019
Qatar,0.12,2019
South Africa,26.91,2018
Palestine,26.26,2018
Lesotho,23.98,2018
Swaziland,22.37,2018
North Macedonia,20.74,2018
Namibia,19.88,2018
Gabon,19.77,2018
Greece,19.29,2018
Saint Lucia,19.29,2018
Armenia,18.97,2018
St. Vincent & ...,18.73,2018
Libya,18.46,2018
Bosnia & Herz.,18.4,2018
Botswana,17.32,2018
Sudan,16.87,2018
Jordan,16.29,2018
Tunisia,15.46,2018
N. Caledonia,15.31,2018
Spain,15.26,2018
Montenegro,15.18,2018
Guyana,14.02,2018
Haiti,13.58,2018
S.T.&Principe,13.14,2018
Yemen,13.01,2018
Somalia,12.89,2018
Iraq,12.87,2018
Serbia,12.73,2018
Georgia,12.67,2018
Brazil,12.33,2018
Albania,12.3,2018
Cape Verde,12.17,2018
Iran,12.06,2018
Zambia,12.01,2018
Algeria,11.89,2018
Afghanistan,11.06,2018
Djibouti,11.06,2018
Turkey,10.89,2018
Italy,10.61,2018
Mauritania,10.22,2018
Bahamas,10,2018
Barbados,10,2018
Egypt,9.82,2018
R. of Congo,9.66,2018
Costa Rica,9.63,2018
Argentina,9.22,2018
Puerto Rico,9.2,2018
Colombia,9.11,2018
Jamaica,9.1,2018
Morocco,9.08,2018
France,9.02,2018
Gambia,9.02,2018
Ukraine,8.8,2018
Brunei,8.7,2018
Nigeria,8.45,2018
Croatia,8.43,2018
Cyprus,8.37,2018
Uruguay,8.34,2018
Samoa,8.32,2018
Syria,8.23,2018
Euro area,8.18,2018
Eq. Guinea,8.03,2018
Comoros,7.78,2018
Latvia,7.41,2018
Finland,7.36,2018
Mali,7.31,2018
Chile,7.23,2018
Venezuela,7.22,2018
Angola,7,2018
Suriname,7,2018
Portugal,6.99,2018
Kyrgyzstan,6.79,2018
Tajikistan,6.72,2018
Slovakia,6.54,2018
Senegal,6.53,2018
Belize,6.52,2018
Mauritius,6.43,2018
Eritrea,6.41,2018
Sweden,6.37,2018
Lithuania,6.15,2018
Lebanon,6.1,2018
Saudi Arabia,6.04,2018
Belgium,5.95,2018
Maldives,5.9,2018
Domin. Rep.,5.86,2018
Canada,5.83,2018
Ireland,5.74,2018
Uzbekistan,5.71,2018
Honduras,5.65,2018
Malawi,5.62,2018
Luxembourg,5.59,2018
Paraguay,5.56,2018
Mongolia,5.38,2018
Estonia,5.37,2018
India,5.33,2018
Australia,5.3,2018
Bulgaria,5.21,2018
Nicaragua,5.2,2018
Denmark,5.13,2018
Slovenia,5.11,2018
Zimbabwe,5.07,2018
Azerbaijan,4.9,2018
Austria,4.85,2018
Kazakhstan,4.85,2018
Russia,4.85,2018
Belarus,4.76,2018
Switzerland,4.71,2018
Burkina Faso,4.7,2018
Sierra Leone,4.42,2018
Indonesia,4.4,2018
Sri Lanka,4.32,2018
China,4.3,2018
New Zealand,4.3,2018
Bangladesh,4.29,2018
Guinea,4.19,2018
Romania,4.19,2018
DR Congo,4.18,2018
Fiji,4.16,2018
Ghana,4.16,2018
Moldova,4.11,2018
C.A. Republic,4.09,2018
Pakistan,4.08,2018
El Salvador,4.01,2018
Israel,4,2018
UK,4,2018
USA,3.9,2018
Panama,3.89,2018
Poland,3.85,2018
Netherlands,3.83,2018
South Korea,3.82,2018
Norway,3.8,2018
Turkmenistan,3.79,2018
Hungary,3.71,2018
Malta,3.66,2018
Togo,3.66,2018
Singapore,3.65,2018
Ecuador,3.53,2018
Bolivia,3.52,2018
Tr.&Tobago,3.4,2018
Germany,3.38,2018
Cameroon,3.36,2018
Malaysia,3.3,2018
Mexico,3.28,2018
Mozambique,3.24,2018
Ivory Coast,3.21,2018
Peru,3.18,2018
Tonga,3.07,2018
Hong Kong,3.04,2018
Liberia,2.94,2018
Nepal,2.9,2018
G.-Bissau,2.84,2018
Iceland,2.7,2018
North Korea,2.66,2018
Kenya,2.64,2018
Guatemala,2.41,2018
Papua N.G.,2.41,2018
Japan,2.4,2018
Benin,2.37,2018
Kuwait,2.34,2018
Philippines,2.34,2018
Bhutan,2.3,2018
Czechia,2.24,2018
UA Emirates,2.23,2018
Ethiopia,2.07,2018
Tanzania,1.99,2018
Chad,1.89,2018
Macao,1.8,2018
Oman,1.8,2018
Uganda,1.75,2018
Vanuatu,1.72,2018
Madagascar,1.69,2018
Bahrain,1.51,2018
Burundi,1.45,2018
Vietnam,1.16,2018
Rwanda,1.02,2018
Burma,0.87,2018
Thailand,0.77,2018
Laos,0.64,2018
Solomon Isl.,0.62,2018
Niger,0.47,2018
Cambodia,0.13,2018
Qatar,0.11,2018
South Africa,27.04,2017
Palestine,25.68,2017
Lesotho,24.13,2017
Swaziland,22.54,2017
North Macedonia,22.38,2017
Namibia,21.57,2017
Greece,21.49,2017
Bosnia & Herz.,20.53,2017
Gabon,19.93,2017
Saint Lucia,19.1,2017
St. Vincent & ...,18.89,2017
Libya,18.61,2017
Armenia,17.71,2017
Botswana,17.46,2017
Spain,17.22,2017
Sudan,17.02,2017
Montenegro,16.07,2017
Jordan,15.78,2017
Tunisia,15.38,2017
N. Caledonia,15.11,2017
Georgia,13.94,2017
Guyana,13.85,2017
Haiti,13.72,2017
Albania,13.62,2017
Serbia,13.48,2017
S.T.&Principe,13.26,2017
Yemen,13.15,2017
Iraq,13.02,2017
Somalia,13.02,2017
Brazil,12.82,2017
Cape Verde,12.24,2017
Iran,12.1,2017
Algeria,12,2017
Egypt,11.74,2017
Jamaica,11.63,2017
Zambia,11.63,2017
Croatia,11.21,2017
Italy,11.21,2017
Afghanistan,11.18,2017
Djibouti,11.18,2017
Cyprus,11.05,2017
Turkey,10.82,2017
Puerto Rico,10.8,2017
Mauritania,10.34,2017
Barbados,9.86,2017
Bahamas,9.8,2017
R. of Congo,9.75,2017
Ukraine,9.51,2017
France,9.41,2017
Brunei,9.32,2017
Morocco,9.19,2017
Gambia,9.12,2017
Euro area,9.06,2017
Colombia,8.87,2017
Portugal,8.87,2017
Latvia,8.72,2017
Finland,8.64,2017
Samoa,8.44,2017
Nigeria,8.39,2017
Argentina,8.35,2017
Syria,8.33,2017
Costa Rica,8.14,2017
Eq. Guinea,8.13,2017
Slovakia,8.13,2017
Comoros,7.89,2017
Uruguay,7.89,2017
Mali,7.41,2017
Venezuela,7.3,2017
Angola,7.1,2017
Belgium,7.09,2017
Suriname,7.08,2017
Lithuania,7.07,2017
Chile,6.96,2017
Kyrgyzstan,6.89,2017
Tajikistan,6.81,2017
Mauritius,6.75,2017
Sweden,6.72,2017
Ireland,6.71,2017
Senegal,6.61,2017
Belize,6.6,2017
Slovenia,6.56,2017
Eritrea,6.5,2017
Mongolia,6.36,2017
Canada,6.34,2017
Lebanon,6.18,2017
Bulgaria,6.16,2017
Maldives,6,2017
Saudi Arabia,5.89,2017
Denmark,5.83,2017
Domin. Rep.,5.83,2017
Uzbekistan,5.8,2017
Estonia,5.76,2017
Malawi,5.7,2017
Belarus,5.65,2017
Australia,5.59,2017
Honduras,5.53,2017
Luxembourg,5.52,2017
Austria,5.5,2017
India,5.41,2017
Russia,5.21,2017
Zimbabwe,5.15,2017
Burkina Faso,5.13,2017
Azerbaijan,5,2017
Romania,4.93,2017
Kazakhstan,4.9,2017
Poland,4.89,2017
Netherlands,4.84,2017
Switzerland,4.8,2017
New Zealand,4.7,2017
Paraguay,4.62,2017
Sierra Leone,4.5,2017
China,4.4,2017
El Salvador,4.39,2017
Bangladesh,4.37,2017
USA,4.36,2017
UK,4.33,2017
DR Congo,4.26,2017
Guinea,4.26,2017
Fiji,4.24,2017
Ghana,4.22,2017
Israel,4.22,2017
Singapore,4.2,2017
C.A. Republic,4.17,2017
Hungary,4.16,2017
Norway,4.16,2017
Moldova,4.1,2017
Sri Lanka,4.05,2017
Malta,4,2017
Pakistan,3.94,2017
Panama,3.9,2017
Indonesia,3.88,2017
Ecuador,3.84,2017
Turkmenistan,3.84,2017
Germany,3.75,2017
Togo,3.74,2017
Bolivia,3.66,2017
South Korea,3.65,2017
Mexico,3.42,2017
Cameroon,3.41,2017
Malaysia,3.41,2017
Peru,3.35,2017
Mozambique,3.31,2017
Nicaragua,3.3,2017
Tr.&Tobago,3.3,2017
Ivory Coast,3.27,2017
Hong Kong,3.09,2017
Liberia,3,2017
Nepal,2.97,2017
Tonga,2.93,2017
G.-Bissau,2.9,2017
Czechia,2.89,2017
Japan,2.8,2017
Iceland,2.74,2017
North Korea,2.72,2017
Kenya,2.69,2017
Philippines,2.55,2017
Oman,2.49,2017
Papua N.G.,2.47,2017
Guatemala,2.46,2017
UA Emirates,2.46,2017
Benin,2.44,2017
Bhutan,2.36,2017
Kuwait,2.25,2017
Ethiopia,2.12,2017
Tanzania,2.03,2017
Macao,2,2017
Chad,1.89,2017
Vietnam,1.87,2017
Uganda,1.79,2017
Vanuatu,1.75,2017
Madagascar,1.73,2017
Burma,1.56,2017
Burundi,1.48,2017
Bahrain,1.44,2017
Rwanda,1.06,2017
Thailand,0.83,2017
Laos,0.65,2017
Solomon Isl.,0.64,2017
Niger,0.49,2017
Cambodia,0.14,2017
Qatar,0.14,2017
South Africa,26.54,2016
Bosnia & Herz.,25.41,2016
Lesotho,24.3,2016
Palestine,23.94,2016
North Macedonia,23.72,2016
Greece,23.54,2016
Namibia,23.35,2016
Swaziland,22.72,2016
Gabon,20.11,2016
Saint Lucia,19.91,2016
Spain,19.64,2016
St. Vincent & ...,19.06,2016
Libya,18.77,2016
Montenegro,17.72,2016
Armenia,17.62,2016
Botswana,17.62,2016
Sudan,17.19,2016
Georgia,16.6,2016
Tunisia,15.51,2016
Albania,15.42,2016
Jordan,15.28,2016
Serbia,15.26,2016
N. Caledonia,14.92,2016
Haiti,13.86,2016
Guyana,13.69,2016
S.T.&Principe,13.39,2016
Yemen,13.31,2016
Jamaica,13.19,2016
Somalia,13.17,2016
Croatia,13.1,2016
Cyprus,12.95,2016
Bahamas,12.7,2016
Iran,12.43,2016
Egypt,12.41,2016
Cape Verde,12.1,2016
Puerto Rico,11.8,2016
Italy,11.69,2016
Brazil,11.6,2016
Afghanistan,11.31,2016
Djibouti,11.31,2016
Portugal,11.07,2016
Zambia,10.88,2016
Turkey,10.84,2016
Iraq,10.82,2016
Mauritania,10.31,2016
Algeria,10.2,2016
France,10.04,2016
Euro area,10.02,2016
R. of Congo,9.85,2016
Barbados,9.72,2016
Slovakia,9.67,2016
Latvia,9.64,2016
Ukraine,9.35,2016
Morocco,9.3,2016
Gambia,9.24,2016
Finland,8.82,2016
Colombia,8.69,2016
Costa Rica,8.6,2016
Samoa,8.58,2016
Brunei,8.47,2016
Syria,8.44,2016
Ireland,8.37,2016
Eq. Guinea,8.24,2016
Comoros,8.01,2016
Slovenia,8,2016
Argentina,7.97,2016
Lithuania,7.86,2016
Uruguay,7.84,2016
Belgium,7.83,2016
Mali,7.6,2016
Bulgaria,7.58,2016
Venezuela,7.39,2016
Domin. Rep.,7.28,2016
Mongolia,7.24,2016
Kyrgyzstan,7.21,2016
Angola,7.2,2016
Suriname,7.17,2016
Nigeria,7.06,2016
Belize,7,2016
Canada,7,2016
Sweden,6.99,2016
Tajikistan,6.9,2016
Mauritius,6.81,2016
Estonia,6.76,2016
Chile,6.74,2016
Honduras,6.73,2016
Senegal,6.7,2016
Eritrea,6.6,2016
Luxembourg,6.29,2016
Lebanon,6.26,2016
Poland,6.16,2016
Maldives,6.12,2016
Austria,6.01,2016
Netherlands,6.01,2016
Denmark,5.99,2016
Romania,5.9,2016
Belarus,5.84,2016
Malawi,5.79,2016
Australia,5.71,2016
Saudi Arabia,5.65,2016
Burkina Faso,5.6,2016
Russia,5.56,2016
India,5.51,2016
Ghana,5.45,2016
Paraguay,5.26,2016
Zimbabwe,5.24,2016
Uzbekistan,5.2,2016
Hungary,5.12,2016
New Zealand,5.08,2016
Azerbaijan,5,2016
Kazakhstan,4.96,2016
Switzerland,4.92,2016
USA,4.87,2016
UK,4.81,2016
Israel,4.8,2016
Malta,4.69,2016
Norway,4.68,2016
Ecuador,4.6,2016
Sierra Leone,4.59,2016
China,4.5,2016
El Salvador,4.42,2016
Bangladesh,4.35,2016
DR Congo,4.35,2016
Guinea,4.33,2016
Fiji,4.32,2016
Indonesia,4.3,2016
C.A. Republic,4.25,2016
Sri Lanka,4.24,2016
Moldova,4.19,2016
Germany,4.12,2016
Singapore,4.08,2016
Czechia,3.95,2016
Nicaragua,3.9,2016
Turkmenistan,3.9,2016
Mexico,3.86,2016
Pakistan,3.78,2016
South Korea,3.65,2016
Bolivia,3.5,2016
Cameroon,3.47,2016
Malaysia,3.44,2016
Hong Kong,3.39,2016
Mozambique,3.38,2016
Peru,3.38,2016
Panama,3.32,2016
Oman,3.27,2016
Tr.&Tobago,3.21,2016
Japan,3.1,2016
Liberia,3.08,2016
Nepal,3.05,2016
Iceland,2.98,2016
G.-Bissau,2.97,2016
Togo,2.95,2016
Tonga,2.8,2016
North Korea,2.79,2016
Kenya,2.76,2016
Philippines,2.69,2016
Ivory Coast,2.6,2016
Guatemala,2.58,2016
Papua N.G.,2.53,2016
Benin,2.52,2016
Bhutan,2.42,2016
Ethiopia,2.17,2016
Kuwait,2.16,2016
Tanzania,2.08,2016
Macao,1.9,2016
Chad,1.89,2016
Vietnam,1.85,2016
Uganda,1.83,2016
Vanuatu,1.79,2016
Madagascar,1.76,2016
UA Emirates,1.64,2016
Burundi,1.53,2016
Bahrain,1.38,2016
Burma,1.14,2016
Rwanda,1.11,2016
Cambodia,0.72,2016
Thailand,0.69,2016
Laos,0.67,2016
Solomon Isl.,0.66,2016
Niger,0.51,2016
Qatar,0.15,2016
Bosnia & Herz.,27.69,2015
North Macedonia,26.07,2015
South Africa,25.15,2015
Greece,24.9,2015
Lesotho,24.4,2015
Swaziland,23.44,2015
Palestine,23.01,2015
Spain,22.06,2015
Namibia,20.89,2015
Saint Lucia,20.67,2015
Gabon,20.22,2015
St. Vincent & ...,19.16,2015
Libya,18.87,2015
Armenia,18.26,2015
Botswana,17.71,2015
Serbia,17.66,2015
Montenegro,17.54,2015
Sudan,17.29,2015
Albania,17.19,2015
Georgia,16.51,2015
Croatia,16.18,2015
Tunisia,15.16,2015
Cyprus,14.91,2015
N. Caledonia,14.75,2015
Haiti,13.95,2015
Jamaica,13.51,2015
Guyana,13.46,2015
S.T.&Principe,13.46,2015
Yemen,13.4,2015
Somalia,13.25,2015
Jordan,13.08,2015
Egypt,13.05,2015
Portugal,12.44,2015
Bahamas,12,2015
Puerto Rico,12,2015
Cape Verde,11.9,2015
Italy,11.9,2015
Slovakia,11.48,2015
Afghanistan,11.39,2015
Djibouti,11.39,2015
Barbados,11.35,2015
Algeria,11.21,2015
Iran,11.06,2015
Euro area,10.84,2015
Iraq,10.72,2015
France,10.35,2015
Turkey,10.24,2015
Mauritania,10.22,2015
Zambia,10.1,2015
Ireland,9.91,2015
R. of Congo,9.9,2015
Latvia,9.87,2015
Morocco,9.46,2015
Finland,9.38,2015
Gambia,9.3,2015
Bulgaria,9.14,2015
Ukraine,9.14,2015
Lithuania,9.12,2015
Costa Rica,9,2015
Slovenia,8.96,2015
Samoa,8.66,2015
Syria,8.5,2015
Belgium,8.48,2015
Brazil,8.43,2015
Eq. Guinea,8.31,2015
Colombia,8.3,2015
Comoros,8.09,2015
Mali,7.73,2015
Brunei,7.69,2015
Argentina,7.61,2015
Domin. Rep.,7.61,2015
Belize,7.58,2015
Kyrgyzstan,7.56,2015
Tajikistan,7.53,2015
Poland,7.5,2015
Uruguay,7.49,2015
Venezuela,7.44,2015
Sweden,7.43,2015
Mauritius,7.41,2015
Angola,7.26,2015
Suriname,7.22,2015
Canada,6.91,2015
Netherlands,6.87,2015
Ghana,6.81,2015
Hungary,6.81,2015
Romania,6.81,2015
Senegal,6.76,2015
Luxembourg,6.67,2015
Eritrea,6.66,2015
Chile,6.51,2015
Lebanon,6.31,2015
Denmark,6.28,2015
Estonia,6.19,2015
Honduras,6.15,2015
Australia,6.05,2015
Burkina Faso,6.04,2015
Belarus,5.91,2015
Malawi,5.85,2015
Austria,5.72,2015
Maldives,5.67,2015
Saudi Arabia,5.59,2015
Russia,5.57,2015
India,5.56,2015
Malta,5.38,2015
New Zealand,5.35,2015
UK,5.3,2015
Zimbabwe,5.29,2015
USA,5.28,2015
Israel,5.25,2015
Uzbekistan,5.2,2015
Czechia,5.05,2015
Azerbaijan,4.96,2015
Kazakhstan,4.93,2015
Mongolia,4.86,2015
Switzerland,4.8,2015
Nicaragua,4.7,2015
Sierra Leone,4.64,2015
Germany,4.62,2015
China,4.6,2015
Paraguay,4.56,2015
Sri Lanka,4.52,2015
Indonesia,4.51,2015
DR Congo,4.4,2015
Bangladesh,4.38,2015
Guinea,4.38,2015
Fiji,4.36,2015
Mexico,4.31,2015
Nigeria,4.31,2015
C.A. Republic,4.3,2015
Norway,4.3,2015
El Salvador,4,2015
Iceland,3.98,2015
Turkmenistan,3.94,2015
Singapore,3.79,2015
Moldova,3.69,2015
Ecuador,3.62,2015
Pakistan,3.57,2015
South Korea,3.55,2015
Cameroon,3.51,2015
Mozambique,3.43,2015
Japan,3.4,2015
Hong Kong,3.32,2015
Oman,3.32,2015
Ivory Coast,3.1,2015
Malaysia,3.1,2015
Nepal,3.1,2015
Bolivia,3.07,2015
Philippines,3.07,2015
G.-Bissau,3.01,2015
Panama,3,2015
Peru,2.92,2015
North Korea,2.83,2015
Kenya,2.8,2015
Tonga,2.64,2015
Benin,2.57,2015
Papua N.G.,2.56,2015
Guatemala,2.51,2015
Bhutan,2.45,2015
Tr.&Tobago,2.43,2015
Ethiopia,2.2,2015
Kuwait,2.2,2015
Togo,2.2,2015
Tanzania,2.1,2015
Liberia,2.08,2015
Chad,1.87,2015
Uganda,1.86,2015
Vietnam,1.85,2015
Macao,1.81,2015
Vanuatu,1.81,2015
Madagascar,1.79,2015
UA Emirates,1.74,2015
Burundi,1.55,2015
Bahrain,1.32,2015
Rwanda,1.14,2015
Burma,0.77,2015
Laos,0.69,2015
Solomon Isl.,0.67,2015
Thailand,0.6,2015
Niger,0.52,2015
Cambodia,0.39,2015
Qatar,0.17,2015
North Macedonia,28.03,2014
Bosnia & Herz.,27.52,2014
Greece,26.49,2014
South Africa,24.89,2014
Lesotho,24.47,2014
Spain,24.44,2014
Swaziland,24.14,2014
Saint Lucia,21.41,2014
Palestine,20.53,2014
Gabon,20.3,2014
St. Vincent & ...,19.23,2014
Serbia,19.22,2014
Libya,18.94,2014
Namibia,18.52,2014
Albania,18.06,2014
Montenegro,18,2014
Botswana,17.78,2014
Armenia,17.5,2014
Georgia,17.44,2014
Sudan,17.36,2014
Croatia,17.29,2014
Cyprus,16.09,2014
Tunisia,15.06,2014
N. Caledonia,14.59,2014
Haiti,14.02,2014
Puerto Rico,13.9,2014
Portugal,13.89,2014
Bahamas,13.8,2014
Jamaica,13.74,2014
S.T.&Principe,13.52,2014
Yemen,13.47,2014
Somalia,13.32,2014
Guyana,13.21,2014
Slovakia,13.18,2014
Egypt,13.11,2014
Italy,12.68,2014
Barbados,12.17,2014
Jordan,11.9,2014
Ireland,11.86,2014
Cape Verde,11.69,2014
Euro area,11.6,2014
Afghanistan,11.45,2014
Djibouti,11.45,2014
Bulgaria,11.42,2014
Latvia,10.85,2014
Lithuania,10.7,2014
Iraq,10.59,2014
Iran,10.57,2014
France,10.29,2014
Algeria,10.21,2014
Mauritania,10.12,2014
R. of Congo,9.95,2014
Turkey,9.88,2014
Morocco,9.7,2014
Slovenia,9.67,2014
Gambia,9.35,2014
Zambia,9.34,2014
Ukraine,9.27,2014
Costa Rica,9.06,2014
Poland,8.99,2014
Samoa,8.72,2014
Finland,8.66,2014
Colombia,8.57,2014
Syria,8.55,2014
Belgium,8.52,2014
Eq. Guinea,8.36,2014
Belize,8.24,2014
Tajikistan,8.17,2014
Comoros,8.14,2014
Kyrgyzstan,8.05,2014
Sweden,7.95,2014
Hungary,7.73,2014
Senegal,7.61,2014
Venezuela,7.48,2014
Mauritius,7.47,2014
Netherlands,7.42,2014
Estonia,7.35,2014
Angola,7.31,2014
Argentina,7.27,2014
Honduras,7.08,2014
Brunei,6.97,2014
Suriname,6.94,2014
Denmark,6.93,2014
Canada,6.91,2014
Romania,6.8,2014
Domin. Rep.,6.72,2014
Eritrea,6.71,2014
Chile,6.67,2014
Brazil,6.66,2014
Uruguay,6.55,2014
Ghana,6.52,2014
Burkina Faso,6.48,2014
Mali,6.38,2014
Lebanon,6.35,2014
USA,6.17,2014
Czechia,6.11,2014
UK,6.11,2014
Australia,6.08,2014
Belarus,5.97,2014
Israel,5.89,2014
Malawi,5.89,2014
Luxembourg,5.85,2014
Malta,5.73,2014
Saudi Arabia,5.72,2014
Austria,5.62,2014
India,5.6,2014
New Zealand,5.37,2014
Zimbabwe,5.33,2014
Maldives,5.21,2014
Russia,5.16,2014
Uzbekistan,5.1,2014
Kazakhstan,5.06,2014
Paraguay,5.03,2014
Germany,4.98,2014
Azerbaijan,4.91,2014
Iceland,4.9,2014
Switzerland,4.83,2014
Mexico,4.81,2014
Mongolia,4.8,2014
Sierra Leone,4.68,2014
China,4.6,2014
Nigeria,4.56,2014
Nicaragua,4.52,2014
DR Congo,4.44,2014
Guinea,4.41,2014
Bangladesh,4.39,2014
Fiji,4.39,2014
C.A. Republic,4.34,2014
Sri Lanka,4.19,2014
El Salvador,4.15,2014
Indonesia,4.05,2014
Turkmenistan,3.97,2014
Moldova,3.86,2014
Singapore,3.74,2014
Ivory Coast,3.65,2014
Japan,3.6,2014
Philippines,3.6,2014
Cameroon,3.53,2014
South Korea,3.5,2014
Ecuador,3.48,2014
Norway,3.48,2014
Mozambique,3.41,2014
Oman,3.37,2014
Hong Kong,3.3,2014
G.-Bissau,3.04,2014
Kuwait,2.9,2014
Malaysia,2.88,2014
North Korea,2.86,2014
Nepal,2.85,2014
Peru,2.85,2014
Kenya,2.82,2014
Guatemala,2.72,2014
Panama,2.72,2014
Bhutan,2.63,2014
Benin,2.61,2014
Papua N.G.,2.59,2014
Tr.&Tobago,2.48,2014
Tonga,2.46,2014
Ethiopia,2.22,2014
Togo,2.16,2014
Liberia,2.13,2014
Tanzania,2.13,2014
Bolivia,2.01,2014
Uganda,1.88,2014
UA Emirates,1.84,2014
Chad,1.83,2014
Pakistan,1.83,2014
Vanuatu,1.83,2014
Macao,1.7,2014
Burundi,1.57,2014
Madagascar,1.33,2014
Bahrain,1.27,2014
Vietnam,1.26,2014
Rwanda,1.17,2014
Burma,0.78,2014
Laos,0.7,2014
Cambodia,0.69,2014
Solomon Isl.,0.68,2014
Thailand,0.58,2014
Niger,0.52,2014
Qatar,0.2,2014
North Macedonia,29,2013
Bosnia & Herz.,27.49,2013
Greece,27.47,2013
Spain,26.09,2013
Swaziland,24.9,2013
Lesotho,24.58,2013
South Africa,24.56,2013
Saint Lucia,22.21,2013
Serbia,22.15,2013
Gabon,20.41,2013
Palestine,19.89,2013
Montenegro,19.5,2013
Georgia,19.42,2013
St. Vincent & ...,19.35,2013
Libya,19.05,2013
Namibia,19.03,2013
Botswana,17.88,2013
Sudan,17.47,2013
Croatia,17.25,2013
Armenia,16.18,2013
Bahamas,16.18,2013
Portugal,16.18,2013
Tunisia,15.93,2013
Albania,15.87,2013
Cyprus,15.87,2013
Jamaica,15.25,2013
N. Caledonia,14.38,2013
Puerto Rico,14.3,2013
Slovakia,14.22,2013
Haiti,14.12,2013
Ireland,13.74,2013
S.T.&Principe,13.6,2013
Somalia,13.41,2013
Yemen,13.41,2013
Egypt,13.15,2013
Guyana,12.99,2013
Bulgaria,12.94,2013
Jordan,12.6,2013
Italy,12.15,2013
Euro area,11.93,2013
Latvia,11.87,2013
Lithuania,11.77,2013
Barbados,11.55,2013
Afghanistan,11.54,2013
Djibouti,11.54,2013
Cape Verde,11.49,2013
Iran,10.44,2013
Poland,10.33,2013
Hungary,10.18,2013
Slovenia,10.1,2013
Mauritania,10.04,2013
R. of Congo,10.01,2013
France,9.92,2013
Algeria,9.82,2013
Gambia,9.43,2013
Iraq,9.27,2013
Morocco,9.23,2013
Colombia,9.05,2013
Tajikistan,8.86,2013
Samoa,8.79,2013
Costa Rica,8.77,2013
Turkey,8.73,2013
Estonia,8.63,2013
Syria,8.62,2013
Zambia,8.61,2013
Senegal,8.53,2013
Eq. Guinea,8.44,2013
Belgium,8.43,2013
Belize,8.35,2013
Kyrgyzstan,8.33,2013
Finland,8.19,2013
Sweden,8.05,2013
Comoros,7.81,2013
Venezuela,7.54,2013
UK,7.52,2013
Angola,7.38,2013
Denmark,7.38,2013
USA,7.38,2013
Domin. Rep.,7.35,2013
Mauritius,7.32,2013
Netherlands,7.24,2013
Ukraine,7.17,2013
Argentina,7.1,2013
Romania,7.1,2013
Canada,7.07,2013
Brazil,6.98,2013
Czechia,6.95,2013
Brunei,6.8,2013
Eritrea,6.78,2013
Suriname,6.6,2013
Uruguay,6.44,2013
Lebanon,6.41,2013
Maldives,6.37,2013
Mali,6.35,2013
Ghana,6.26,2013
Chile,6.21,2013
Israel,6.21,2013
Malta,6.11,2013
Burkina Faso,6.07,2013
Belarus,6.05,2013
Malawi,5.95,2013
Luxembourg,5.85,2013
New Zealand,5.77,2013
India,5.67,2013
Australia,5.66,2013
Honduras,5.65,2013
Saudi Arabia,5.57,2013
Russia,5.46,2013
Iceland,5.38,2013
Zimbabwe,5.38,2013
Austria,5.34,2013
Nicaragua,5.28,2013
Germany,5.23,2013
Kazakhstan,5.2,2013
Moldova,5.1,2013
Azerbaijan,4.97,2013
Mexico,4.91,2013
Uzbekistan,4.9,2013
Switzerland,4.75,2013
China,4.6,2013
Sierra Leone,4.59,2013
DR Congo,4.49,2013
Guinea,4.46,2013
Fiji,4.44,2013
Bangladesh,4.43,2013
C.A. Republic,4.39,2013
Paraguay,4.39,2013
Indonesia,4.34,2013
Ivory Coast,4.25,2013
Sri Lanka,4.24,2013
Mongolia,4.23,2013
Turkmenistan,4.01,2013
Japan,4,2013
Singapore,3.86,2013
Cameroon,3.71,2013
Nigeria,3.7,2013
El Salvador,3.69,2013
Philippines,3.5,2013
Norway,3.42,2013
Oman,3.42,2013
Mozambique,3.41,2013
Hong Kong,3.4,2013
Peru,3.21,2013
Malaysia,3.11,2013
South Korea,3.1,2013
G.-Bissau,3.09,2013
Ecuador,3.08,2013
Guatemala,3.02,2013
Pakistan,2.95,2013
Tanzania,2.93,2013
North Korea,2.91,2013
Bhutan,2.87,2013
Kenya,2.87,2013
Tr.&Tobago,2.68,2013
Benin,2.66,2013
Nepal,2.63,2013
Papua N.G.,2.63,2013
Kuwait,2.56,2013
Bolivia,2.39,2013
Tonga,2.31,2013
Panama,2.3,2013
Ethiopia,2.25,2013
Liberia,2.19,2013
Togo,2.12,2013
UA Emirates,1.95,2013
Uganda,1.91,2013
Vanuatu,1.85,2013
Macao,1.82,2013
Chad,1.8,2013
Burundi,1.64,2013
Vietnam,1.32,2013
Bahrain,1.22,2013
Niger,1.22,2013
Rwanda,1.18,2013
Madagascar,0.94,2013
Burma,0.8,2013
Laos,0.71,2013
Solomon Isl.,0.69,2013
Cambodia,0.44,2013
Qatar,0.28,2013
Thailand,0.21,2013
North Macedonia,31.02,2012
Bosnia & Herz.,28.01,2012
Swaziland,25.52,2012
Lesotho,25.3,2012
Spain,24.79,2012
South Africa,24.73,2012
Greece,24.44,2012
Serbia,24,2012
Gabon,20.4,2012
Montenegro,19.97,2012
Georgia,19.65,2012
St. Vincent & ...,19.33,2012
Palestine,19.2,2012
Saint Lucia,19.06,2012
Libya,19.03,2012
Botswana,17.86,2012
Tunisia,17.63,2012
Sudan,17.45,2012
Armenia,17.3,2012
Namibia,16.77,2012
Croatia,15.94,2012
Portugal,15.53,2012
Ireland,15.45,2012
Latvia,15.05,2012
Puerto Rico,14.5,2012
N. Caledonia,14.27,2012
Haiti,14.1,2012
Bahamas,14.02,2012
Slovakia,13.96,2012
Jamaica,13.93,2012
S.T.&Principe,13.59,2012
Somalia,13.39,2012
Albania,13.38,2012
Lithuania,13.37,2012
Yemen,13.24,2012
Guyana,12.67,2012
Iran,12.63,2012
Egypt,12.6,2012
Bulgaria,12.27,2012
Jordan,12.2,2012
Cyprus,11.8,2012
Barbados,11.59,2012
Afghanistan,11.52,2012
Djibouti,11.52,2012
Euro area,11.29,2012
Cape Verde,11.21,2012
Hungary,11,2012
Algeria,10.97,2012
Italy,10.66,2012
Poland,10.09,2012
Estonia,10.02,2012
R. of Congo,10,2012
Mauritania,9.87,2012
Costa Rica,9.78,2012
Colombia,9.74,2012
Tajikistan,9.5,2012
Gambia,9.42,2012
Senegal,9.42,2012
France,9.4,2012
Morocco,8.99,2012
Slovenia,8.84,2012
Samoa,8.75,2012
Syria,8.61,2012
Eq. Guinea,8.43,2012
Kyrgyzstan,8.43,2012
Belize,8.38,2012
Turkey,8.15,2012
Suriname,8.1,2012
USA,8.07,2012
Sweden,7.98,2012
Iraq,7.97,2012
UK,7.89,2012
Zambia,7.85,2012
Denmark,7.8,2012
Finland,7.69,2012
Maldives,7.57,2012
Belgium,7.54,2012
Ukraine,7.53,2012
Mauritius,7.47,2012
Comoros,7.39,2012
Angola,7.37,2012
Canada,7.29,2012
Argentina,7.22,2012
Ivory Coast,7.22,2012
Brazil,7.19,2012
Czechia,6.98,2012
New Zealand,6.93,2012
Israel,6.86,2012
Romania,6.79,2012
Eritrea,6.77,2012
Domin. Rep.,6.72,2012
Brunei,6.71,2012
Chile,6.66,2012
Mali,6.62,2012
Venezuela,6.6,2012
Uruguay,6.45,2012
Lebanon,6.4,2012
Malta,6.2,2012
Belarus,6.06,2012
Iceland,6,2012
Malawi,5.94,2012
Ghana,5.93,2012
Netherlands,5.82,2012
India,5.66,2012
Burkina Faso,5.58,2012
Moldova,5.58,2012
Saudi Arabia,5.52,2012
Russia,5.44,2012
Germany,5.38,2012
Zimbabwe,5.38,2012
Kazakhstan,5.29,2012
Australia,5.22,2012
Nicaragua,5.21,2012
Azerbaijan,5.19,2012
Luxembourg,5.14,2012
Uzbekistan,4.9,2012
Mexico,4.89,2012
Austria,4.87,2012
China,4.6,2012
DR Congo,4.49,2012
Switzerland,4.49,2012
Indonesia,4.47,2012
Guinea,4.45,2012
Sierra Leone,4.44,2012
Fiji,4.42,2012
C.A. Republic,4.38,2012
Japan,4.3,2012
Paraguay,4.09,2012
Bangladesh,4.06,2012
Turkmenistan,4,2012
Mongolia,3.91,2012
Sri Lanka,3.88,2012
Cameroon,3.84,2012
El Salvador,3.84,2012
Honduras,3.75,2012
Nigeria,3.74,2012
Singapore,3.72,2012
Tr.&Tobago,3.72,2012
Uganda,3.55,2012
Oman,3.52,2012
Philippines,3.5,2012
Mozambique,3.35,2012
Hong Kong,3.29,2012
Ecuador,3.24,2012
South Korea,3.2,2012
Tanzania,3.19,2012
Norway,3.12,2012
G.-Bissau,3.08,2012
Malaysia,3.04,2012
Peru,2.94,2012
North Korea,2.9,2012
Kenya,2.86,2012
Guatemala,2.77,2012
Benin,2.65,2012
Papua N.G.,2.63,2012
Panama,2.39,2012
Nepal,2.36,2012
Kuwait,2.3,2012
Ethiopia,2.28,2012
Liberia,2.21,2012
Niger,2.18,2012
Tonga,2.11,2012
UA Emirates,2.09,2012
Bhutan,2.05,2012
Bolivia,2.05,2012
Togo,2.05,2012
Macao,1.97,2012
Vanuatu,1.85,2012
Chad,1.73,2012
Pakistan,1.7,2012
Burundi,1.67,2012
Bahrain,1.2,2012
Rwanda,1.14,2012
Vietnam,1.03,2012
Solomon Isl.,0.96,2012
Burma,0.79,2012
Laos,0.71,2012
Madagascar,0.6,2012
Thailand,0.58,2012
Cambodia,0.51,2012
Qatar,0.48,2012
North Macedonia,31.38,2011
Bosnia & Herz.,27.58,2011
Swaziland,26.15,2011
Lesotho,26.04,2011
South Africa,24.64,2011
Serbia,22.97,2011
Spain,21.39,2011
Gabon,20.38,2011
Montenegro,19.67,2011
Georgia,19.63,2011
Namibia,19.33,2011
St. Vincent & ...,19.31,2011
Libya,19.02,2011
Saint Lucia,18.86,2011
Armenia,18.44,2011
Tunisia,18.33,2011
Greece,17.87,2011
Botswana,17.85,2011
Palestine,17.6,2011
Sudan,17.44,2011
Latvia,16.21,2011
Puerto Rico,15.7,2011
Lithuania,15.39,2011
Ireland,15.35,2011
Haiti,14.7,2011
Bahamas,14.52,2011
N. Caledonia,14.18,2011
S.T.&Principe,14.1,2011
Croatia,13.68,2011
Slovakia,13.62,2011
Albania,13.48,2011
Somalia,13.38,2011
Yemen,13.08,2011
Jordan,12.9,2011
Jamaica,12.7,2011
Portugal,12.68,2011
Iran,12.45,2011
Guyana,12.35,2011
Estonia,12.33,2011
R. of Congo,11.89,2011
Egypt,11.85,2011
Afghanistan,11.51,2011
Djibouti,11.51,2011
Bulgaria,11.26,2011
Barbados,11.19,2011
Hungary,11.03,2011
Cape Verde,10.93,2011
Senegal,10.36,2011
Zambia,10.34,2011
Tajikistan,10.16,2011
Costa Rica,10.14,2011
Colombia,10.11,2011
Euro area,10.11,2011
Algeria,9.96,2011
Mauritania,9.86,2011
Poland,9.63,2011
Gambia,9.41,2011
USA,8.95,2011
Morocco,8.91,2011
Maldives,8.86,2011
France,8.81,2011
Turkey,8.8,2011
Syria,8.6,2011
Kyrgyzstan,8.53,2011
Eq. Guinea,8.42,2011
Belize,8.4,2011
Italy,8.36,2011
Slovenia,8.17,2011
Iraq,8.15,2011
UK,8.04,2011
Cyprus,7.86,2011
Ukraine,7.85,2011
Sweden,7.8,2011
Finland,7.78,2011
Denmark,7.77,2011
Suriname,7.54,2011
Canada,7.51,2011
Mauritius,7.45,2011
Angola,7.36,2011
Chile,7.34,2011
Argentina,7.18,2011
Romania,7.18,2011
Belgium,7.14,2011
Israel,7.14,2011
Iceland,7.03,2011
Comoros,6.98,2011
Ivory Coast,6.96,2011
Brazil,6.92,2011
Mali,6.9,2011
Venezuela,6.9,2011
Eritrea,6.76,2011
Czechia,6.71,2011
Moldova,6.68,2011
Brunei,6.64,2011
Russia,6.54,2011
New Zealand,6.49,2011
Nicaragua,6.45,2011
Lebanon,6.39,2011
Malta,6.38,2011
Uruguay,6.31,2011
Domin. Rep.,6.09,2011
Belarus,6.08,2011
Malawi,5.93,2011
Germany,5.82,2011
Saudi Arabia,5.77,2011
Samoa,5.68,2011
India,5.65,2011
Ghana,5.62,2011
Azerbaijan,5.42,2011
Kazakhstan,5.39,2011
Zimbabwe,5.37,2011
Mexico,5.17,2011
Indonesia,5.15,2011
Burkina Faso,5.12,2011
Australia,5.08,2011
Uzbekistan,5,2011
Netherlands,4.98,2011
Luxembourg,4.9,2011
Mongolia,4.77,2011
Paraguay,4.67,2011
Austria,4.56,2011
Japan,4.52,2011
China,4.5,2011
Honduras,4.48,2011
Guinea,4.45,2011
Fiji,4.41,2011
Switzerland,4.4,2011
C.A. Republic,4.38,2011
El Salvador,4.3,2011
Sierra Leone,4.29,2011
DR Congo,4.22,2011
Sri Lanka,4.12,2011
Turkmenistan,4,2011
Cameroon,3.97,2011
Singapore,3.89,2011
Nigeria,3.77,2011
Bangladesh,3.71,2011
Oman,3.64,2011
Philippines,3.59,2011
Uganda,3.58,2011
Tanzania,3.47,2011
Ecuador,3.46,2011
Tr.&Tobago,3.43,2011
Hong Kong,3.42,2011
South Korea,3.4,2011
Mozambique,3.3,2011
Peru,3.27,2011
Bhutan,3.23,2011
Norway,3.22,2011
Guatemala,3.12,2011
G.-Bissau,3.08,2011
Malaysia,3.05,2011
North Korea,2.9,2011
Kenya,2.86,2011
Benin,2.65,2011
Papua N.G.,2.62,2011
Macao,2.56,2011
Panama,2.31,2011
Ethiopia,2.3,2011
Liberia,2.24,2011
UA Emirates,2.23,2011
Bolivia,2.22,2011
Nepal,2.11,2011
Kuwait,2.07,2011
Madagascar,2.02,2011
Togo,1.98,2011
Tonga,1.92,2011
Vanuatu,1.85,2011
Burundi,1.7,2011
Chad,1.66,2011
Solomon Isl.,1.28,2011
Bahrain,1.18,2011
Rwanda,1.1,2011
Vietnam,1,2011
Pakistan,0.8,2011
Burma,0.79,2011
Laos,0.71,2011
Thailand,0.66,2011
Cambodia,0.58,2011
Qatar,0.56,2011
Niger,0.32,2011
North Macedonia,32.02,2010
Bosnia & Herz.,27.31,2010
Swaziland,26.82,2010
Lesotho,26.81,2010
South Africa,24.68,2010
Namibia,22.1,2010
Palestine,21.42,2010
Gabon,20.39,2010
Georgia,20.2,2010
Spain,19.86,2010
Montenegro,19.65,2010
Latvia,19.48,2010
St. Vincent & ...,19.32,2010
Serbia,19.22,2010
Libya,19.03,2010
Armenia,19.01,2010
Botswana,17.86,2010
Lithuania,17.81,2010
Saint Lucia,17.11,2010
Estonia,16.71,2010
Puerto Rico,16.1,2010
Haiti,15.34,2010
Sudan,15.17,2010
S.T.&Principe,14.64,2010
Ireland,14.53,2010
Slovakia,14.38,2010
Bahamas,14.33,2010
Albania,14.09,2010
N. Caledonia,14.03,2010
R. of Congo,13.95,2010
Iran,13.52,2010
Somalia,13.39,2010
Zambia,13.19,2010
Tunisia,13.05,2010
Yemen,12.93,2010
Greece,12.71,2010
Jordan,12.5,2010
Jamaica,12.37,2010
Guyana,12.05,2010
Croatia,11.62,2010
Afghanistan,11.52,2010
Djibouti,11.52,2010
Hungary,11.17,2010
Colombia,10.98,2010
Tajikistan,10.85,2010
Portugal,10.77,2010
Barbados,10.69,2010
Cape Verde,10.67,2010
Turkey,10.66,2010
Senegal,10.34,2010
Bulgaria,10.28,2010
Maldives,10.28,2010
Euro area,10.07,2010
Algeria,9.96,2010
Mauritania,9.86,2010
Poland,9.64,2010
USA,9.63,2010
Angola,9.43,2010
Gambia,9.41,2010
Morocco,9.09,2010
France,8.87,2010
Egypt,8.76,2010
Kyrgyzstan,8.64,2010
Sweden,8.61,2010
Syria,8.61,2010
Israel,8.48,2010
Belize,8.45,2010
Chile,8.42,2010
Eq. Guinea,8.42,2010
Finland,8.39,2010
Italy,8.36,2010
Iraq,8.34,2010
Belgium,8.29,2010
Ukraine,8.1,2010
Mali,8.07,2010
Canada,8.06,2010
Nicaragua,7.83,2010
UK,7.79,2010
Denmark,7.75,2010
Brazil,7.73,2010
Argentina,7.71,2010
Mauritius,7.65,2010
Iceland,7.56,2010
Moldova,7.45,2010
Russia,7.37,2010
Czechia,7.28,2010
Slovenia,7.24,2010
Costa Rica,7.17,2010
Uruguay,7.16,2010
Suriname,7.15,2010
Venezuela,7.11,2010
Germany,6.97,2010
Romania,6.96,2010
Malta,6.85,2010
Eritrea,6.76,2010
Ivory Coast,6.71,2010
Comoros,6.6,2010
New Zealand,6.56,2010
Mongolia,6.55,2010
Brunei,6.51,2010
Lebanon,6.4,2010
Cyprus,6.26,2010
Belarus,6.11,2010
Malawi,5.94,2010
Kazakhstan,5.77,2010
India,5.65,2010
Azerbaijan,5.63,2010
Indonesia,5.61,2010
Samoa,5.6,2010
Saudi Arabia,5.55,2010
Uzbekistan,5.4,2010
Ghana,5.32,2010
Mexico,5.3,2010
Zimbabwe,5.22,2010
Australia,5.21,2010
Domin. Rep.,5.21,2010
Japan,5.1,2010
Netherlands,4.99,2010
El Salvador,4.89,2010
Austria,4.82,2010
Switzerland,4.8,2010
Sri Lanka,4.78,2010
Burkina Faso,4.68,2010
Paraguay,4.57,2010
China,4.5,2010
Guinea,4.45,2010
C.A. Republic,4.38,2010
Luxembourg,4.36,2010
Fiji,4.32,2010
Hong Kong,4.31,2010
Madagascar,4.28,2010
Sierra Leone,4.16,2010
Honduras,4.12,2010
Singapore,4.12,2010
Cameroon,4.11,2010
Ecuador,4.09,2010
Tr.&Tobago,4.03,2010
Turkmenistan,4,2010
DR Congo,3.98,2010
Nigeria,3.77,2010
Oman,3.71,2010
Panama,3.71,2010
South Korea,3.7,2010
Philippines,3.61,2010
Uganda,3.61,2010
Norway,3.52,2010
Guatemala,3.5,2010
Bangladesh,3.38,2010
Bhutan,3.32,2010
Peru,3.3,2010
Malaysia,3.25,2010
Mozambique,3.25,2010
G.-Bissau,3.08,2010
Tanzania,2.98,2010
North Korea,2.9,2010
Kenya,2.86,2010
Macao,2.84,2010
Bolivia,2.55,2010
Togo,2.39,2010
UA Emirates,2.36,2010
Ethiopia,2.34,2010
Liberia,2.27,2010
Papua N.G.,2,2010
Nepal,1.88,2010
Vanuatu,1.85,2010
Kuwait,1.82,2010
Tonga,1.75,2010
Burundi,1.74,2010
Solomon Isl.,1.64,2010
Chad,1.59,2010
Bahrain,1.13,2010
Vietnam,1.11,2010
Rwanda,1.07,2010
Benin,1.04,2010
Burma,0.79,2010
Cambodia,0.77,2010
Laos,0.71,2010
Pakistan,0.65,2010
Thailand,0.62,2010
Niger,0.58,2010
Qatar,0.45,2010
North Macedonia,32.18,2009
Lesotho,27.5,2009
Swaziland,27.39,2009
Bosnia & Herz.,24.07,2009
South Africa,23.52,2009
Namibia,21.99,2009
Georgia,20.71,2009
Palestine,20.45,2009
Gabon,19.59,2009
St. Vincent & ...,19.25,2009
Montenegro,19.09,2009
Libya,18.95,2009
Armenia,18.44,2009
Spain,17.86,2009
Latvia,17.52,2009
Botswana,16.17,2009
Serbia,16.14,2009
R. of Congo,16.1,2009
Haiti,15.9,2009
Saint Lucia,15.37,2009
S.T.&Principe,15.12,2009
Puerto Rico,15,2009
Bahamas,14.25,2009
N. Caledonia,13.97,2009
Lithuania,13.79,2009
Albania,13.67,2009
Estonia,13.55,2009
Somalia,13.32,2009
Tunisia,13.29,2009
Sudan,13,2009
Jordan,12.9,2009
Yemen,12.71,2009
Ireland,12.61,2009
Turkey,12.55,2009
Colombia,12.07,2009
Slovakia,12.03,2009
Iran,11.97,2009
Maldives,11.7,2009
Guyana,11.69,2009
Tajikistan,11.5,2009
Afghanistan,11.46,2009
Djibouti,11.46,2009
Jamaica,11.36,2009
Chile,11.31,2009
Cape Verde,10.62,2009
Zambia,10.5,2009
Senegal,10.25,2009
Algeria,10.16,2009
Hungary,10.03,2009
Barbados,10.02,2009
Mauritania,9.81,2009
Greece,9.62,2009
Euro area,9.54,2009
Israel,9.53,2009
Portugal,9.43,2009
Gambia,9.36,2009
Mali,9.28,2009
USA,9.25,2009
Croatia,9.2,2009
Egypt,9.09,2009
Morocco,8.96,2009
Ukraine,8.84,2009
France,8.74,2009
Suriname,8.72,2009
Argentina,8.65,2009
Brazil,8.52,2009
Iraq,8.49,2009
Belize,8.43,2009
Kyrgyzstan,8.41,2009
Eq. Guinea,8.37,2009
Sweden,8.35,2009
Canada,8.34,2009
Russia,8.3,2009
Finland,8.25,2009
Poland,8.17,2009
Nicaragua,8.16,2009
Syria,8.14,2009
Belgium,7.91,2009
Italy,7.75,2009
Germany,7.74,2009
Uruguay,7.74,2009
Costa Rica,7.71,2009
UK,7.54,2009
El Salvador,7.33,2009
Mauritius,7.26,2009
Iceland,7.22,2009
Malta,6.89,2009
Romania,6.86,2009
Bulgaria,6.82,2009
Eritrea,6.72,2009
Czechia,6.66,2009
Kazakhstan,6.55,2009
Brunei,6.46,2009
Denmark,6.41,2009
Ivory Coast,6.41,2009
Moldova,6.4,2009
Lebanon,6.36,2009
Comoros,6.19,2009
New Zealand,6.12,2009
Indonesia,6.11,2009
Belarus,6.1,2009
Venezuela,6.1,2009
Malawi,5.89,2009
Mongolia,5.86,2009
Singapore,5.86,2009
Slovenia,5.86,2009
Sri Lanka,5.85,2009
Azerbaijan,5.74,2009
India,5.61,2009
Australia,5.56,2009
Samoa,5.48,2009
Domin. Rep.,5.47,2009
Paraguay,5.46,2009
Saudi Arabia,5.38,2009
Cyprus,5.36,2009
Mexico,5.36,2009
Austria,5.3,2009
Hong Kong,5.26,2009
Ghana,5.14,2009
Luxembourg,5.12,2009
Japan,5.1,2009
Zimbabwe,5.03,2009
Bangladesh,5,2009
Uzbekistan,5,2009
China,4.7,2009
Ecuador,4.61,2009
Vanuatu,4.57,2009
Turkmenistan,4.54,2009
Guinea,4.42,2009
Netherlands,4.35,2009
C.A. Republic,4.34,2009
Burkina Faso,4.23,2009
Fiji,4.2,2009
Switzerland,4.12,2009
Tr.&Tobago,4.03,2009
Sierra Leone,3.99,2009
Bhutan,3.96,2009
Madagascar,3.88,2009
Philippines,3.86,2009
Oman,3.84,2009
Angola,3.78,2009
Cameroon,3.77,2009
Nigeria,3.75,2009
Peru,3.73,2009
DR Congo,3.7,2009
Malaysia,3.69,2009
Panama,3.68,2009
South Korea,3.6,2009
Uganda,3.6,2009
Macao,3.58,2009
Guatemala,3.36,2009
Honduras,3.29,2009
Mozambique,3.17,2009
Norway,3.1,2009
G.-Bissau,3.05,2009
North Korea,2.87,2009
Bolivia,2.86,2009
Kenya,2.83,2009
Togo,2.8,2009
UA Emirates,2.53,2009
Tanzania,2.5,2009
Ethiopia,2.35,2009
Liberia,2.24,2009
Papua N.G.,2.06,2009
Solomon Isl.,2.02,2009
Burundi,1.75,2009
Vietnam,1.74,2009
Kuwait,1.64,2009
Nepal,1.64,2009
Tonga,1.56,2009
Chad,1.5,2009
Bahrain,1.13,2009
Rwanda,1.02,2009
Benin,0.97,2009
Thailand,0.93,2009
Niger,0.91,2009
Laos,0.81,2009
Burma,0.78,2009
Cambodia,0.58,2009
Pakistan,0.54,2009
Qatar,0.31,2009
North Macedonia,33.76,2008
Lesotho,27.76,2008
Swaziland,27.45,2008
Bosnia & Herz.,23.41,2008
Palestine,22.91,2008
South Africa,22.41,2008
Namibia,21.48,2008
St. Vincent & ...,18.79,2008
Libya,18.51,2008
Gabon,18.44,2008
Georgia,17.87,2008
Montenegro,17.15,2008
R. of Congo,16.52,2008
Botswana,16.35,2008
Haiti,16.06,2008
S.T.&Principe,15.26,2008
Sudan,14.8,2008
N. Caledonia,14.79,2008
Serbia,13.71,2008
Armenia,13.51,2008
Albania,13.06,2008
Somalia,12.94,2008
Saint Lucia,12.72,2008
Jordan,12.7,2008
Tunisia,12.44,2008
Yemen,12.17,2008
Puerto Rico,11.48,2008
Tajikistan,11.43,2008
Algeria,11.33,2008
Colombia,11.27,2008
Spain,11.25,2008
Afghanistan,11.11,2008
Djibouti,11.1,2008
Guyana,11.05,2008
Syria,10.94,2008
Iran,10.48,2008
Jamaica,10.33,2008
Cape Verde,10.31,2008
Mali,10.23,2008
Senegal,9.85,2008
Maldives,9.71,2008
Turkey,9.71,2008
Morocco,9.57,2008
Mauritania,9.51,2008
Slovakia,9.51,2008
Chile,9.29,2008
Gambia,9.05,2008
Suriname,8.56,2008
Croatia,8.53,2008
Egypt,8.52,2008
Iraq,8.4,2008
Kyrgyzstan,8.22,2008
Bahamas,8.18,2008
Belize,8.18,2008
Barbados,8.12,2008
Eq. Guinea,8.06,2008
Uruguay,8.03,2008
Zambia,7.93,2008
Argentina,7.84,2008
Hungary,7.82,2008
Greece,7.76,2008
Latvia,7.74,2008
Israel,7.7,2008
Portugal,7.55,2008
Germany,7.53,2008
Euro area,7.48,2008
Lebanon,7.45,2008
Brazil,7.34,2008
Indonesia,7.21,2008
Mauritius,7.17,2008
Poland,7.12,2008
France,7.06,2008
Belgium,6.98,2008
Ireland,6.77,2008
Italy,6.72,2008
Kazakhstan,6.63,2008
Brunei,6.61,2008
Eritrea,6.44,2008
Belarus,6.42,2008
Finland,6.37,2008
Ukraine,6.36,2008
Venezuela,6.25,2008
Sweden,6.24,2008
Russia,6.21,2008
Nicaragua,6.2,2008
Canada,6.14,2008
Malta,5.98,2008
El Salvador,5.88,2008
Ivory Coast,5.88,2008
Azerbaijan,5.86,2008
Lithuania,5.83,2008
Romania,5.79,2008
USA,5.78,2008
Malawi,5.65,2008
UK,5.62,2008
Bulgaria,5.61,2008
Comoros,5.59,2008
Mongolia,5.57,2008
Estonia,5.46,2008
India,5.36,2008
Sri Lanka,5.22,2008
Samoa,5.18,2008
Saudi Arabia,5.08,2008
Luxembourg,5.06,2008
Turkmenistan,4.94,2008
Uzbekistan,4.89,2008
Ghana,4.79,2008
Costa Rica,4.78,2008
Domin. Rep.,4.76,2008
Zimbabwe,4.67,2008
China,4.6,2008
Paraguay,4.42,2008
Czechia,4.39,2008
Slovenia,4.37,2008
Vanuatu,4.31,2008
Bangladesh,4.29,2008
Australia,4.23,2008
Tr.&Tobago,4.22,2008
Guinea,4.21,2008
New Zealand,4.17,2008
Oman,4.14,2008
Austria,4.13,2008
C.A. Republic,4.12,2008
Japan,4,2008
Moldova,3.98,2008
Singapore,3.96,2008
Ecuador,3.92,2008
Fiji,3.91,2008
Mexico,3.87,2008
Peru,3.82,2008
Philippines,3.72,2008
Bhutan,3.68,2008
Denmark,3.68,2008
Sierra Leone,3.67,2008
Cyprus,3.66,2008
Netherlands,3.65,2008
Angola,3.63,2008
Burkina Faso,3.62,2008
Nigeria,3.59,2008
Hong Kong,3.56,2008
Panama,3.48,2008
Switzerland,3.35,2008
Madagascar,3.34,2008
Malaysia,3.34,2008
Cameroon,3.31,2008
DR Congo,3.29,2008
South Korea,3.2,2008
Honduras,3.16,2008
Guatemala,3.08,2008
Togo,3.08,2008
Macao,3,2008
Iceland,2.95,2008
Mozambique,2.95,2008
Uganda,2.92,2008
G.-Bissau,2.86,2008
UA Emirates,2.85,2008
North Korea,2.69,2008
Kenya,2.66,2008
Tanzania,2.61,2008
Bolivia,2.6,2008
Norway,2.55,2008
Ethiopia,2.24,2008
Liberia,2.11,2008
Papua N.G.,2,2008
Solomon Isl.,1.85,2008
Vietnam,1.8,2008
Kuwait,1.75,2008
Burundi,1.63,2008
Nepal,1.33,2008
Chad,1.32,2008
Tonga,1.31,2008
Bahrain,1.22,2008
Niger,1.22,2008
Thailand,1.18,2008
Rwanda,0.88,2008
Benin,0.85,2008
Laos,0.85,2008
Cambodia,0.83,2008
Burma,0.71,2008
Pakistan,0.42,2008
Qatar,0.31,2008
North Macedonia,34.93,2007
Bosnia & Herz.,28.98,2007
Lesotho,28.65,2007
Swaziland,28.24,2007
South Africa,26.54,2007
Namibia,21.56,2007
Montenegro,19.4,2007
St. Vincent & ...,19.11,2007
Libya,18.6,2007
Palestine,18.28,2007
Serbia,18.06,2007
Gabon,17.84,2007
R. of Congo,17.49,2007
Botswana,17,2007
Haiti,16.8,2007
Albania,15.97,2007
S.T.&Principe,15.89,2007
N. Caledonia,15.26,2007
Sudan,14.88,2007
Saint Lucia,14,2007
Algeria,13.79,2007
Georgia,13.28,2007
Jordan,13.1,2007
Somalia,13.02,2007
Tunisia,12.37,2007
Yemen,12.1,2007
Tajikistan,11.84,2007
Mali,11.71,2007
Colombia,11.2,2007
Afghanistan,11.18,2007
Djibouti,11.17,2007
Slovakia,11.14,2007
Puerto Rico,10.93,2007
Guyana,10.84,2007
Iran,10.6,2007
Cape Verde,10.37,2007
Zambia,10.2,2007
Croatia,9.91,2007
Senegal,9.89,2007
Armenia,9.81,2007
Jamaica,9.75,2007
Poland,9.6,2007
Mauritania,9.57,2007
Morocco,9.56,2007
Uruguay,9.4,2007
Israel,9.38,2007
Gambia,9.12,2007
Lebanon,8.98,2007
Turkey,8.87,2007
Egypt,8.8,2007
Suriname,8.74,2007
Germany,8.66,2007
Iraq,8.65,2007
Belize,8.51,2007
Mauritius,8.48,2007
Argentina,8.47,2007
Maldives,8.47,2007
Chile,8.43,2007
Syria,8.42,2007
Greece,8.4,2007
Brazil,8.33,2007
Spain,8.23,2007
Eq. Guinea,8.12,2007
Kyrgyzstan,8.1,2007
Indonesia,8.06,2007
Portugal,7.96,2007
Bahamas,7.88,2007
France,7.66,2007
Belgium,7.46,2007
Euro area,7.44,2007
Barbados,7.41,2007
Hungary,7.41,2007
Venezuela,7.28,2007
Kazakhstan,7.26,2007
Mongolia,7.2,2007
Belarus,7.01,2007
Bulgaria,6.88,2007
Finland,6.85,2007
Eritrea,6.5,2007
Brunei,6.49,2007
Malta,6.47,2007
El Salvador,6.41,2007
Romania,6.41,2007
Ukraine,6.35,2007
Azerbaijan,6.33,2007
Sweden,6.16,2007
Italy,6.08,2007
Latvia,6.05,2007
Canada,6.04,2007
Russia,6,2007
Sri Lanka,5.97,2007
Saudi Arabia,5.73,2007
Ivory Coast,5.71,2007
Malawi,5.7,2007
Turkmenistan,5.61,2007
India,5.41,2007
Czechia,5.32,2007
Comoros,5.3,2007
UK,5.26,2007
Domin. Rep.,5.16,2007
Samoa,5.15,2007
Moldova,5.07,2007
Uzbekistan,4.99,2007
Ireland,4.98,2007
Nicaragua,4.89,2007
Austria,4.86,2007
Slovenia,4.82,2007
Paraguay,4.71,2007
Ghana,4.69,2007
USA,4.62,2007
Estonia,4.59,2007
Zimbabwe,4.57,2007
Costa Rica,4.49,2007
Australia,4.38,2007
Vanuatu,4.36,2007
China,4.3,2007
Guinea,4.25,2007
Lithuania,4.25,2007
C.A. Republic,4.17,2007
Tr.&Tobago,4.17,2007
Netherlands,4.15,2007
Oman,4.08,2007
Luxembourg,4.07,2007
Hong Kong,4.01,2007
Cyprus,3.92,2007
Peru,3.92,2007
Bangladesh,3.91,2007
Japan,3.9,2007
Singapore,3.9,2007
Fiji,3.87,2007
Denmark,3.8,2007
Bhutan,3.7,2007
Angola,3.66,2007
New Zealand,3.66,2007
Switzerland,3.65,2007
Mexico,3.63,2007
Nigeria,3.62,2007
Togo,3.6,2007
Sierra Leone,3.58,2007
Panama,3.52,2007
Philippines,3.43,2007
Burkina Faso,3.3,2007
Malaysia,3.23,2007
Honduras,3.21,2007
Macao,3.2,2007
South Korea,3.2,2007
Ecuador,3.14,2007
DR Congo,3.11,2007
Cameroon,3.06,2007
Madagascar,3.06,2007
Guatemala,3.03,2007
UA Emirates,2.99,2007
Mozambique,2.94,2007
Tanzania,2.92,2007
G.-Bissau,2.9,2007
North Korea,2.72,2007
Kenya,2.69,2007
Bolivia,2.64,2007
Uganda,2.53,2007
Norway,2.49,2007
Ethiopia,2.29,2007
Iceland,2.25,2007
Liberia,2.13,2007
Papua N.G.,2.11,2007
Vietnam,2.03,2007
Solomon Isl.,1.88,2007
Niger,1.7,2007
Burundi,1.66,2007
Kuwait,1.5,2007
Nepal,1.38,2007
Chad,1.29,2007
Cambodia,1.26,2007
Bahrain,1.2,2007
Tonga,1.19,2007
Thailand,1.18,2007
Laos,0.99,2007
Rwanda,0.88,2007
Benin,0.82,2007
Burma,0.72,2007
Qatar,0.52,2007
Pakistan,0.4,2007
North Macedonia,36.03,2006
Bosnia & Herz.,31.11,2006
Lesotho,29.69,2006
South Africa,28.34,2006
Swaziland,27.85,2006
Montenegro,24.51,2006
Namibia,21.76,2006
Serbia,20.85,2006
St. Vincent & ...,19.55,2006
Palestine,19.01,2006
Libya,18.8,2006
R. of Congo,18.61,2006
Botswana,17.78,2006
Gabon,17.37,2006
S.T.&Principe,16.65,2006
Albania,16.17,2006
Saint Lucia,16,2006
N. Caledonia,15.59,2006
Haiti,15.54,2006
Sudan,15.07,2006
Jordan,14,2006
Poland,13.84,2006
Georgia,13.57,2006
Slovakia,13.37,2006
Somalia,13.19,2006
Zambia,12.87,2006
Tunisia,12.51,2006
Tajikistan,12.38,2006
Algeria,12.27,2006
Yemen,12.13,2006
Colombia,11.53,2006
Afghanistan,11.34,2006
Djibouti,11.34,2006
Iran,11.2,2006
Croatia,11.13,2006
Puerto Rico,11.01,2006
Uruguay,10.84,2006
Mali,10.72,2006
Israel,10.71,2006
Guyana,10.7,2006
Cape Verde,10.51,2006
Egypt,10.49,2006
Jamaica,10.33,2006
Germany,10.25,2006
Argentina,10.08,2006
Armenia,10.07,2006
Senegal,10.03,2006
Mauritania,9.7,2006
Morocco,9.67,2006
Belize,9.39,2006
Gambia,9.26,2006
Mauritius,9.04,2006
Chile,9.02,2006
Greece,9.01,2006
Suriname,9,2006
Bulgaria,8.95,2006
Iraq,8.78,2006
Barbados,8.73,2006
Turkey,8.72,2006
Brazil,8.64,2006
Lebanon,8.62,2006
Venezuela,8.61,2006
France,8.45,2006
Spain,8.45,2006
Euro area,8.31,2006
Kyrgyzstan,8.27,2006
Eq. Guinea,8.26,2006
Belgium,8.25,2006
Syria,8.17,2006
Kazakhstan,7.79,2006
Finland,7.72,2006
Belarus,7.7,2006
Portugal,7.65,2006
Indonesia,7.55,2006
Bahamas,7.54,2006
Hungary,7.49,2006
Maldives,7.39,2006
Moldova,7.38,2006
Romania,7.27,2006
Czechia,7.15,2006
Mongolia,7.14,2006
Sweden,7.07,2006
Russia,7.06,2006
Latvia,7.03,2006
Ukraine,6.81,2006
Malta,6.8,2006
Italy,6.78,2006
Azerbaijan,6.62,2006
Eritrea,6.62,2006
El Salvador,6.57,2006
Sri Lanka,6.5,2006
Turkmenistan,6.4,2006
Canada,6.32,2006
Brunei,6.3,2006
Saudi Arabia,6.25,2006
Slovenia,5.95,2006
Estonia,5.92,2006
Uzbekistan,5.86,2006
Malawi,5.81,2006
Lithuania,5.78,2006
Costa Rica,5.74,2006
Domin. Rep.,5.66,2006
Ivory Coast,5.61,2006
India,5.52,2006
UK,5.35,2006
Nicaragua,5.31,2006
Paraguay,5.28,2006
Austria,5.24,2006
Samoa,5.17,2006
Comoros,5.07,2006
Netherlands,5,2006
Australia,4.78,2006
Hong Kong,4.77,2006
Luxembourg,4.73,2006
Ghana,4.64,2006
USA,4.62,2006
Cyprus,4.54,2006
Zimbabwe,4.52,2006
Singapore,4.48,2006
Vanuatu,4.47,2006
Ireland,4.42,2006
China,4.4,2006
Guinea,4.35,2006
C.A. Republic,4.27,2006
Peru,4.26,2006
Togo,4.23,2006
Japan,4.1,2006
Philippines,4.05,2006
Tr.&Tobago,4.03,2006
Switzerland,4,2006
Oman,3.94,2006
Denmark,3.9,2006
Fiji,3.87,2006
New Zealand,3.86,2006
Macao,3.8,2006
Angola,3.73,2006
Cameroon,3.69,2006
Nigeria,3.69,2006
Burkina Faso,3.64,2006
Panama,3.61,2006
Bangladesh,3.59,2006
Honduras,3.58,2006
Mexico,3.57,2006
Ecuador,3.55,2006
Sierra Leone,3.54,2006
South Korea,3.5,2006
Norway,3.4,2006
Malaysia,3.32,2006
Tanzania,3.3,2006
Bhutan,3.13,2006
UA Emirates,3.06,2006
Guatemala,3.02,2006
DR Congo,2.98,2006
G.-Bissau,2.98,2006
Mozambique,2.97,2006
Madagascar,2.84,2006
Iceland,2.83,2006
North Korea,2.8,2006
Kenya,2.77,2006
Bolivia,2.72,2006
Ethiopia,2.39,2006
Niger,2.33,2006
Papua N.G.,2.25,2006
Uganda,2.21,2006
Liberia,2.19,2006
Vietnam,2.08,2006
Solomon Isl.,1.96,2006
Burundi,1.73,2006
Nepal,1.47,2006
Kuwait,1.3,2006
Cambodia,1.29,2006
Chad,1.28,2006
Thailand,1.22,2006
Laos,1.15,2006
Bahrain,1.13,2006
Tonga,1.09,2006
Rwanda,0.9,2006
Qatar,0.87,2006
Benin,0.81,2006
Burma,0.75,2006
Pakistan,0.58,2006
North Macedonia,37.25,2005
Lesotho,30.78,2005
Bosnia & Herz.,30.4,2005
Montenegro,30.31,2005
South Africa,29.12,2005
Swaziland,27.47,2005
Namibia,21.98,2005
Serbia,20.85,2005
Palestine,20.02,2005
St. Vincent & ...,20.01,2005
R. of Congo,19.8,2005
Botswana,19.77,2005
Libya,19.02,2005
Saint Lucia,18.7,2005
Poland,17.75,2005
Gabon,16.91,2005
S.T.&Principe,16.47,2005
Albania,16.4,2005
Slovakia,16.26,2005
N. Caledonia,15.92,2005
Zambia,15.9,2005
Sudan,15.28,2005
Algeria,15.27,2005
Jordan,14.8,2005
Haiti,14.33,2005
Georgia,13.81,2005
Somalia,13.39,2005
Tajikistan,12.94,2005
Tunisia,12.87,2005
Croatia,12.6,2005
Yemen,12.17,2005
Iran,12.1,2005
Uruguay,12.01,2005
Colombia,11.87,2005
Afghanistan,11.52,2005
Djibouti,11.52,2005
Argentina,11.51,2005
Puerto Rico,11.35,2005
Israel,11.34,2005
Jamaica,11.26,2005
Egypt,11.2,2005
Germany,11.17,2005
Guyana,11.06,2005
Morocco,11.01,2005
Belize,10.91,2005
Cape Verde,10.67,2005
Venezuela,10.66,2005
Turkey,10.64,2005
Armenia,10.34,2005
Bahamas,10.2,2005
Bulgaria,10.08,2005
Latvia,10.03,2005
Greece,9.99,2005
Mauritania,9.86,2005
Mali,9.76,2005
Brazil,9.57,2005
Mauritius,9.52,2005
Gambia,9.41,2005
Chile,9.34,2005
Suriname,9.28,2005
Spain,9.15,2005
Barbados,9.08,2005
Euro area,9.02,2005
Iraq,8.93,2005
Senegal,8.92,2005
Syria,8.9,2005
France,8.49,2005
Belarus,8.44,2005
Belgium,8.44,2005
Eq. Guinea,8.42,2005
Finland,8.38,2005
Lithuania,8.33,2005
Lebanon,8.27,2005
Kazakhstan,8.13,2005
Kyrgyzstan,8.11,2005
Estonia,8.03,2005
Indonesia,7.95,2005
Czechia,7.93,2005
Italy,7.73,2005
Sri Lanka,7.67,2005
Portugal,7.58,2005
Sweden,7.49,2005
Moldova,7.29,2005
Azerbaijan,7.26,2005
Turkmenistan,7.26,2005
El Salvador,7.22,2005
Hungary,7.19,2005
Ukraine,7.18,2005
Romania,7.17,2005
Russia,7.12,2005
Mongolia,7.09,2005
Malta,6.92,2005
Uzbekistan,6.83,2005
Canada,6.76,2005
Eritrea,6.76,2005
Domin. Rep.,6.59,2005
Costa Rica,6.57,2005
Slovenia,6.51,2005
Maldives,6.38,2005
Brunei,6.1,2005
Saudi Arabia,6.05,2005
Malawi,5.93,2005
Netherlands,5.87,2005
India,5.65,2005
Austria,5.63,2005
Singapore,5.59,2005
Hong Kong,5.58,2005
Ivory Coast,5.51,2005
Ghana,5.5,2005
Nicaragua,5.37,2005
Cyprus,5.3,2005
Samoa,5.2,2005
USA,5.08,2005
Australia,5.03,2005
Honduras,4.91,2005
Peru,4.86,2005
Comoros,4.84,2005
Denmark,4.83,2005
Paraguay,4.83,2005
UK,4.75,2005
Vanuatu,4.61,2005
China,4.5,2005
Luxembourg,4.49,2005
Zimbabwe,4.48,2005
Guinea,4.45,2005
Switzerland,4.44,2005
Cameroon,4.4,2005
Japan,4.4,2005
C.A. Republic,4.38,2005
Norway,4.38,2005
Togo,4.36,2005
Ireland,4.34,2005
Bangladesh,4.25,2005
Macao,4.1,2005
Burkina Faso,4,2005
Fiji,3.89,2005
Tr.&Tobago,3.89,2005
Angola,3.81,2005
New Zealand,3.81,2005
Oman,3.8,2005
Philippines,3.8,2005
Ecuador,3.78,2005
Nigeria,3.77,2005
Panama,3.71,2005
South Korea,3.7,2005
Mexico,3.56,2005
Malaysia,3.53,2005
Sierra Leone,3.5,2005
Tanzania,3.31,2005
UA Emirates,3.12,2005
Bhutan,3.1,2005
Niger,3.1,2005
G.-Bissau,3.08,2005
Guatemala,3.02,2005
Mozambique,3.01,2005
North Korea,2.9,2005
Kenya,2.86,2005
DR Congo,2.85,2005
Bolivia,2.82,2005
Madagascar,2.62,2005
Iceland,2.55,2005
Ethiopia,2.5,2005
Papua N.G.,2.41,2005
Liberia,2.27,2005
Vietnam,2.13,2005
Tonga,2.12,2005
Solomon Isl.,2.05,2005
Uganda,1.9,2005
Burundi,1.81,2005
Nepal,1.56,2005
Kuwait,1.49,2005
Laos,1.35,2005
Thailand,1.35,2005
Cambodia,1.32,2005
Chad,1.29,2005
Bahrain,1.07,2005
Rwanda,0.93,2005
Benin,0.8,2005
Burma,0.79,2005
Qatar,0.77,2005
Pakistan,0.61,2005
North Macedonia,37.16,2004
Lesotho,31.77,2004
Montenegro,30.5,2004
Bosnia & Herz.,29.54,2004
South Africa,29.45,2004
Swaziland,26.96,2004
Palestine,23.22,2004
Namibia,22.09,2004
Botswana,21.76,2004
Saint Lucia,20.97,2004
St. Vincent & ...,20.37,2004
R. of Congo,19.94,2004
Libya,19.14,2004
Poland,19.07,2004
Slovakia,18.6,2004
Serbia,18.5,2004
Algeria,17.65,2004
Gabon,17.08,2004
Albania,16.52,2004
N. Caledonia,16.31,2004
S.T.&Principe,16.12,2004
Sudan,15.4,2004
Zambia,15.37,2004
Venezuela,15.07,2004
Jordan,14.67,2004
Tunisia,14.23,2004
Colombia,13.72,2004
Croatia,13.66,2004
Argentina,13.52,2004
Somalia,13.49,2004
Tajikistan,13.42,2004
Haiti,13.06,2004
Israel,13.03,2004
Uruguay,12.98,2004
Georgia,12.62,2004
Yemen,12.12,2004
Bulgaria,12.04,2004
Latvia,11.71,2004
Djibouti,11.62,2004
Afghanistan,11.61,2004
Jamaica,11.44,2004
Guyana,11.34,2004
Spain,11.09,2004
Turkey,10.84,2004
Morocco,10.83,2004
Cape Verde,10.75,2004
Germany,10.73,2004
Lithuania,10.68,2004
Belize,10.66,2004
Armenia,10.54,2004
Finland,10.36,2004
Egypt,10.32,2004
Greece,10.31,2004
Puerto Rico,10.31,2004
Iran,10.3,2004
Estonia,10.25,2004
Bahamas,10.2,2004
Chile,10.16,2004
Mauritania,9.94,2004
Syria,9.59,2004
Barbados,9.57,2004
Gambia,9.5,2004
Suriname,9.49,2004
Euro area,9.25,2004
Belarus,9.16,2004
Brazil,9.11,2004
Iraq,9.01,2004
France,8.91,2004
Mali,8.75,2004
Ukraine,8.59,2004
Kyrgyzstan,8.53,2004
Eq. Guinea,8.51,2004
Kazakhstan,8.4,2004
Sri Lanka,8.38,2004
Mauritius,8.34,2004
Czechia,8.21,2004
Moldova,8.17,2004
Turkmenistan,8.12,2004
Azerbaijan,7.99,2004
Italy,7.87,2004
Lebanon,7.85,2004
Uzbekistan,7.82,2004
Senegal,7.79,2004
Russia,7.76,2004
Romania,7.72,2004
Belgium,7.36,2004
Malta,7.32,2004
Indonesia,7.3,2004
Canada,7.19,2004
Mongolia,6.96,2004
Eritrea,6.84,2004
Hong Kong,6.74,2004
Sweden,6.69,2004
Paraguay,6.51,2004
Nicaragua,6.41,2004
Ghana,6.4,2004
Costa Rica,6.39,2004
Portugal,6.32,2004
Domin. Rep.,6.3,2004
El Salvador,6.05,2004
Slovenia,6.01,2004
Malawi,6,2004
Honduras,5.99,2004
Brunei,5.95,2004
Singapore,5.84,2004
Austria,5.83,2004
Hungary,5.83,2004
Saudi Arabia,5.82,2004
India,5.72,2004
USA,5.53,2004
Australia,5.4,2004
Ivory Coast,5.36,2004
Maldives,5.36,2004
Denmark,5.2,2004
Samoa,5.19,2004
Cameroon,5.13,2004
Luxembourg,5.11,2004
Ecuador,5,2004
Macao,4.9,2004
Peru,4.9,2004
Japan,4.7,2004
Vanuatu,4.68,2004
Netherlands,4.65,2004
UK,4.59,2004
Comoros,4.57,2004
Guinea,4.51,2004
China,4.5,2004
Ireland,4.49,2004
C.A. Republic,4.44,2004
Togo,4.43,2004
Zimbabwe,4.39,2004
Cyprus,4.33,2004
Switzerland,4.32,2004
Bangladesh,4.3,2004
Norway,4.26,2004
Iceland,4.03,2004
New Zealand,4.01,2004
Fiji,3.94,2004
Mexico,3.94,2004
Angola,3.85,2004
Nigeria,3.81,2004
Tr.&Tobago,3.8,2004
Panama,3.77,2004
Madagascar,3.72,2004
Oman,3.71,2004
South Korea,3.7,2004
Philippines,3.55,2004
Malaysia,3.54,2004
Tonga,3.48,2004
Sierra Leone,3.42,2004
Burkina Faso,3.37,2004
Tanzania,3.27,2004
G.-Bissau,3.13,2004
Mozambique,3.01,2004
Guatemala,2.97,2004
North Korea,2.95,2004
Kenya,2.91,2004
UA Emirates,2.9,2004
DR Congo,2.89,2004
Bolivia,2.87,2004
Ethiopia,2.71,2004
Niger,2.69,2004
Uganda,2.69,2004
Papua N.G.,2.54,2004
Bhutan,2.49,2004
Liberia,2.3,2004
Vietnam,2.14,2004
Solomon Isl.,2.1,2004
Burundi,1.85,2004
Kuwait,1.7,2004
Nepal,1.63,2004
Thailand,1.51,2004
Laos,1.49,2004
Cambodia,1.31,2004
Chad,1.26,2004
Bahrain,1.03,2004
Rwanda,0.93,2004
Burma,0.82,2004
Benin,0.77,2004
Qatar,0.71,2004
Pakistan,0.63,2004
North Macedonia,36.69,2003
Lesotho,32.72,2003
South Africa,32.31,2003
Montenegro,30.63,2003
Bosnia & Herz.,28.64,2003
Swaziland,26.39,2003
Botswana,23.8,2003
Algeria,23.72,2003
Palestine,23,2003
Saint Lucia,22.18,2003
Namibia,21.71,2003
St. Vincent & ...,20.69,2003
R. of Congo,20.03,2003
Poland,19.37,2003
Libya,19.23,2003
Gabon,17.22,2003
Slovakia,17.12,2003
Venezuela,16.78,2003
Uruguay,16.66,2003
Albania,16.61,2003
N. Caledonia,16.57,2003
S.T.&Principe,16.36,2003
Sudan,15.48,2003
Argentina,15.36,2003
Serbia,15.2,2003
Zambia,14.8,2003
Tunisia,14.51,2003
Jordan,14.5,2003
Colombia,14.19,2003
Croatia,13.92,2003
Tajikistan,13.87,2003
Bulgaria,13.73,2003
Somalia,13.57,2003
Israel,13.51,2003
Lithuania,12.88,2003
Latvia,12.06,2003
Yemen,12.04,2003
Morocco,11.92,2003
Haiti,11.8,2003
Puerto Rico,11.78,2003
Jamaica,11.74,2003
Djibouti,11.69,2003
Afghanistan,11.68,2003
Guyana,11.61,2003
Iran,11.54,2003
Georgia,11.51,2003
Estonia,11.29,2003
Spain,11.28,2003
Egypt,11.01,2003
Barbados,11,2003
Bahamas,10.84,2003
Cape Verde,10.81,2003
Armenia,10.72,2003
Turkey,10.54,2003
Finland,10.47,2003
Belize,10.38,2003
Suriname,10.3,2003
Syria,10.28,2003
Mauritania,10,2003
Brazil,9.99,2003
Kyrgyzstan,9.92,2003
Belarus,9.88,2003
Germany,9.78,2003
Chile,9.77,2003
Gambia,9.56,2003
Greece,9.41,2003
Azerbaijan,9.17,2003
Iraq,9.06,2003
Ukraine,9.06,2003
Turkmenistan,9,2003
Euro area,8.96,2003
Italy,8.87,2003
Uzbekistan,8.85,2003
Kazakhstan,8.78,2003
Eq. Guinea,8.56,2003
France,8.31,2003
Mauritius,8.3,2003
Sri Lanka,8.22,2003
Russia,8.21,2003
Lebanon,8.01,2003
Moldova,7.95,2003
Hong Kong,7.86,2003
Mali,7.86,2003
Belgium,7.68,2003
Nicaragua,7.6,2003
Canada,7.57,2003
Czechia,7.54,2003
Malta,7.49,2003
Ghana,7.34,2003
Romania,6.95,2003
Domin. Rep.,6.94,2003
Eritrea,6.89,2003
Paraguay,6.81,2003
Mongolia,6.8,2003
Senegal,6.7,2003
Indonesia,6.66,2003
Costa Rica,6.56,2003
Slovenia,6.48,2003
El Salvador,6.26,2003
Portugal,6.13,2003
Malawi,6.05,2003
Macao,6,2003
USA,5.99,2003
Australia,5.93,2003
Singapore,5.93,2003
Cameroon,5.9,2003
Brunei,5.82,2003
Hungary,5.79,2003
India,5.77,2003
Ecuador,5.66,2003
Saudi Arabia,5.56,2003
Sweden,5.56,2003
Denmark,5.4,2003
Honduras,5.3,2003
Japan,5.3,2003
Ivory Coast,5.18,2003
Tonga,5.18,2003
Samoa,5.15,2003
Madagascar,5.01,2003
UK,4.81,2003
Peru,4.79,2003
Austria,4.78,2003
New Zealand,4.75,2003
Vanuatu,4.74,2003
Zimbabwe,4.72,2003
Comoros,4.61,2003
China,4.6,2003
Guinea,4.55,2003
C.A. Republic,4.49,2003
Ireland,4.48,2003
Togo,4.48,2003
Maldives,4.39,2003
Bangladesh,4.32,2003
Norway,4.22,2003
Cyprus,4.14,2003
Switzerland,4.12,2003
Iceland,4,2003
Fiji,3.97,2003
Angola,3.88,2003
Nigeria,3.84,2003
Panama,3.81,2003
Tr.&Tobago,3.72,2003
Luxembourg,3.68,2003
Oman,3.63,2003
Malaysia,3.61,2003
South Korea,3.6,2003
Uganda,3.6,2003
Netherlands,3.59,2003
Philippines,3.53,2003
Mexico,3.46,2003
Sierra Leone,3.45,2003
Tanzania,3.21,2003
G.-Bissau,3.17,2003
Mozambique,3,2003
North Korea,2.99,2003
Kenya,2.94,2003
DR Congo,2.92,2003
Ethiopia,2.92,2003
Bolivia,2.9,2003
Guatemala,2.81,2003
Burkina Faso,2.78,2003
UA Emirates,2.71,2003
Papua N.G.,2.66,2003
Liberia,2.33,2003
Niger,2.28,2003
Vietnam,2.25,2003
Solomon Isl.,2.14,2003
Burundi,1.89,2003
Bhutan,1.8,2003
Nepal,1.69,2003
Laos,1.62,2003
Thailand,1.54,2003
Kuwait,1.3,2003
Cambodia,1.27,2003
Chad,1.22,2003
Bahrain,1,2003
Rwanda,0.92,2003
Burma,0.83,2003
Benin,0.73,2003
Qatar,0.65,2003
Pakistan,0.64,2003
Lesotho,33.58,2002
South Africa,33.29,2002
North Macedonia,31.94,2002
Montenegro,30.64,2002
Bosnia & Herz.,27.65,2002
Palestine,27.47,2002
Algeria,25.9,2002
Swaziland,25.74,2002
Namibia,21.25,2002
Botswana,21.13,2002
St. Vincent & ...,20.93,2002
Saint Lucia,20.39,2002
R. of Congo,20.04,2002
Poland,19.9,2002
Argentina,19.59,2002
Libya,19.23,2002
Slovakia,18.72,2002
Bulgaria,18.11,2002
S.T.&Principe,17.63,2002
Gabon,17.29,2002
N. Caledonia,16.89,2002
Uruguay,16.65,2002
Albania,16.61,2002
Venezuela,16.17,2002
Colombia,15.63,2002
Sudan,15.48,2002
Jordan,15.3,2002
Croatia,15.05,2002
Tunisia,14.55,2002
Tajikistan,14.25,2002
Jamaica,14.19,2002
Zambia,14.18,2002
Latvia,13.83,2002
Serbia,13.8,2002
Somalia,13.57,2002
Lithuania,13.01,2002
Israel,12.89,2002
Iran,12.8,2002
Georgia,12.59,2002
Kyrgyzstan,12.55,2002
Puerto Rico,11.94,2002
Yemen,11.89,2002
Guyana,11.81,2002
Djibouti,11.69,2002
Afghanistan,11.68,2002
Morocco,11.59,2002
Spain,11.15,2002
Suriname,11.08,2002
Syria,10.98,2002
Armenia,10.84,2002
Cape Verde,10.81,2002
Belarus,10.58,2002
Haiti,10.54,2002
Finland,10.42,2002
Turkey,10.36,2002
Barbados,10.32,2002
Chile,10.17,2002
Ukraine,10.14,2002
Azerbaijan,10.04,2002
Belize,10.04,2002
Estonia,10.03,2002
Egypt,10.01,2002
Mauritania,10,2002
Greece,9.98,2002
Turkmenistan,9.87,2002
Uzbekistan,9.87,2002
Gambia,9.56,2002
Paraguay,9.39,2002
Brazil,9.37,2002
Kazakhstan,9.33,2002
Italy,9.21,2002
Iraq,9.07,2002
Bahamas,9.05,2002
Sri Lanka,8.76,2002
France,8.7,2002
Euro area,8.61,2002
Eq. Guinea,8.57,2002
Germany,8.48,2002
Ghana,8.3,2002
Mauritius,8.21,2002
Lebanon,8.12,2002
Romania,8.11,2002
Russia,7.88,2002
Canada,7.67,2002
Nicaragua,7.6,2002
Hong Kong,7.28,2002
Czechia,7.02,2002
Mali,6.97,2002
Belgium,6.91,2002
Malta,6.9,2002
Eritrea,6.89,2002
Moldova,6.8,2002
Domin. Rep.,6.78,2002
Cameroon,6.68,2002
Indonesia,6.6,2002
Australia,6.37,2002
Costa Rica,6.33,2002
Macao,6.3,2002
Mongolia,6.2,2002
Malawi,6.05,2002
Slovenia,5.92,2002
Peru,5.8,2002
USA,5.78,2002
India,5.77,2002
Brunei,5.73,2002
El Salvador,5.73,2002
Senegal,5.65,2002
Singapore,5.65,2002
Hungary,5.61,2002
Japan,5.4,2002
New Zealand,5.28,2002
Saudi Arabia,5.27,2002
Madagascar,5.2,2002
Samoa,5.07,2002
UK,5.04,2002
Zimbabwe,5.03,2002
Sweden,4.97,2002
Ivory Coast,4.96,2002
Ecuador,4.95,2002
Austria,4.85,2002
Vanuatu,4.74,2002
Tonga,4.68,2002
Comoros,4.61,2002
Guinea,4.55,2002
Portugal,4.5,2002
C.A. Republic,4.49,2002
Togo,4.48,2002
Denmark,4.27,2002
Ireland,4.22,2002
China,4.2,2002
Honduras,4.02,2002
Norway,4.02,2002
Fiji,3.98,2002
Bangladesh,3.96,2002
Angola,3.88,2002
Nigeria,3.85,2002
Panama,3.81,2002
Tr.&Tobago,3.69,2002
Philippines,3.63,2002
Oman,3.59,2002
Uganda,3.5,2002
Malaysia,3.48,2002
Maldives,3.48,2002
Sierra Leone,3.45,2002
Cyprus,3.3,2002
South Korea,3.3,2002
G.-Bissau,3.17,2002
Ethiopia,3.11,2002
Tanzania,3.11,2002
Mexico,3,2002
Iceland,2.99,2002
North Korea,2.99,2002
Mozambique,2.95,2002
Kenya,2.94,2002
DR Congo,2.92,2002
Switzerland,2.92,2002
Bolivia,2.91,2002
Guatemala,2.81,2002
Papua N.G.,2.75,2002
Burkina Faso,2.71,2002
Luxembourg,2.62,2002
UA Emirates,2.56,2002
Netherlands,2.55,2002
Liberia,2.33,2002
Solomon Isl.,2.14,2002
Vietnam,2.12,2002
Burundi,1.89,2002
Bhutan,1.86,2002
Niger,1.86,2002
Thailand,1.82,2002
Laos,1.73,2002
Nepal,1.73,2002
Cambodia,1.21,2002
Chad,1.16,2002
Kuwait,1.1,2002
Bahrain,0.98,2002
Rwanda,0.89,2002
Burma,0.83,2002
Benin,0.69,2002
Pakistan,0.64,2002
Qatar,0.62,2002
Lesotho,34.35,2001
South Africa,30.69,2001
Montenegro,30.53,2001
North Macedonia,30.52,2001
Algeria,27.3,2001
Bosnia & Herz.,26.59,2001
Swaziland,25,2001
Palestine,21.49,2001
St. Vincent & ...,21.1,2001
Namibia,20.72,2001
R. of Congo,19.96,2001
Bulgaria,19.92,2001
Slovakia,19.38,2001
Libya,19.16,2001
Botswana,18.54,2001
Poland,18.37,2001
Saint Lucia,18.34,2001
Argentina,17.32,2001
Gabon,17.29,2001
N. Caledonia,17.24,2001
Lithuania,16.84,2001
Albania,16.54,2001
Croatia,15.82,2001
S.T.&Principe,15.73,2001
Sudan,15.41,2001
Uruguay,15.05,2001
Colombia,15.04,2001
Jamaica,14.93,2001
Jordan,14.7,2001
Tajikistan,14.55,2001
Tunisia,14.4,2001
Latvia,13.82,2001
Somalia,13.51,2001
Zambia,13.5,2001
Estonia,13.13,2001
Venezuela,13.04,2001
Serbia,12.8,2001
Morocco,12.46,2001
Iran,12.09,2001
Suriname,11.83,2001
Israel,11.81,2001
Guyana,11.79,2001
Yemen,11.69,2001
Afghanistan,11.63,2001
Djibouti,11.63,2001
Syria,11.63,2001
Puerto Rico,11.4,2001
Belarus,11.23,2001
Georgia,11.16,2001
Ukraine,11.06,2001
Armenia,10.91,2001
Azerbaijan,10.91,2001
Uzbekistan,10.89,2001
Cape Verde,10.76,2001
Turkmenistan,10.7,2001
Greece,10.46,2001
Kazakhstan,10.43,2001
Chile,10.39,2001
Spain,10.35,2001
Finland,10.29,2001
Mauritania,9.96,2001
Barbados,9.85,2001
Brazil,9.61,2001
Italy,9.6,2001
Gambia,9.51,2001
Paraguay,9.33,2001
Haiti,9.31,2001
Egypt,9.26,2001
Ghana,9.26,2001
Mauritius,9.14,2001
Belize,9.07,2001
Iraq,9.02,2001
Russia,8.98,2001
France,8.61,2001
Eq. Guinea,8.52,2001
Turkey,8.38,2001
Euro area,8.35,2001
Lebanon,8.18,2001
Czechia,7.99,2001
Sri Lanka,7.9,2001
Kyrgyzstan,7.84,2001
Germany,7.77,2001
Nicaragua,7.55,2001
Cameroon,7.46,2001
Moldova,7.29,2001
Domin. Rep.,7.26,2001
Canada,7.22,2001
Malta,7.11,2001
El Salvador,6.96,2001
Bahamas,6.87,2001
Eritrea,6.85,2001
Australia,6.74,2001
Romania,6.56,2001
Macao,6.4,2001
Belgium,6.18,2001
Mongolia,6.16,2001
Mali,6.1,2001
Indonesia,6.08,2001
Malawi,6.01,2001
Costa Rica,5.92,2001
Peru,5.76,2001
India,5.73,2001
Slovenia,5.68,2001
Hungary,5.67,2001
Brunei,5.64,2001
Senegal,5.62,2001
New Zealand,5.43,2001
Madagascar,5.35,2001
Zimbabwe,5.3,2001
Hong Kong,5.09,2001
Japan,5,2001
Samoa,4.96,2001
Sweden,4.73,2001
USA,4.73,2001
Ivory Coast,4.71,2001
UK,4.7,2001
Vanuatu,4.69,2001
Saudi Arabia,4.62,2001
Comoros,4.58,2001
Guinea,4.52,2001
C.A. Republic,4.45,2001
Togo,4.44,2001
Ecuador,4.25,2001
Tonga,4.17,2001
Denmark,4.16,2001
Austria,4.01,2001
Honduras,4,2001
South Korea,4,2001
Cyprus,3.98,2001
Fiji,3.95,2001
Angola,3.85,2001
Portugal,3.83,2001
Nigeria,3.82,2001
China,3.8,2001
Panama,3.78,2001
Singapore,3.76,2001
Norway,3.74,2001
Philippines,3.7,2001
Ireland,3.68,2001
Tr.&Tobago,3.66,2001
Bangladesh,3.59,2001
Oman,3.55,2001
Malaysia,3.53,2001
Sierra Leone,3.43,2001
Ethiopia,3.28,2001
G.-Bissau,3.14,2001
Uganda,3.14,2001
Tanzania,2.99,2001
North Korea,2.96,2001
Kenya,2.91,2001
DR Congo,2.9,2001
Bolivia,2.88,2001
Mozambique,2.88,2001
Papua N.G.,2.81,2001
Guatemala,2.78,2001
Vietnam,2.76,2001
Maldives,2.66,2001
Burkina Faso,2.63,2001
Mexico,2.63,2001
Thailand,2.6,2001
Switzerland,2.49,2001
UA Emirates,2.41,2001
Liberia,2.31,2001
Netherlands,2.12,2001
Solomon Isl.,2.11,2001
Bhutan,1.9,2001
Iceland,1.87,2001
Burundi,1.86,2001
Laos,1.82,2001
Luxembourg,1.81,2001
Nepal,1.75,2001
Niger,1.47,2001
Cambodia,1.12,2001
Chad,1.09,2001
Bahrain,0.98,2001
Burma,0.82,2001
Rwanda,0.82,2001
Kuwait,0.8,2001
Benin,0.75,2001
Pakistan,0.63,2001
Qatar,0.6,2001
Lesotho,35.27,2000
North Macedonia,32.2,2000
Montenegro,30.58,2000
South Africa,29.88,2000
Algeria,29.77,2000
Bosnia & Herz.,25.67,2000
Swaziland,24.4,2000
St. Vincent & ...,21.03,2000
Colombia,20.52,2000
Namibia,20.3,2000
R. of Congo,20,2000
Libya,19.19,2000
Slovakia,19.06,2000
N. Caledonia,17.51,2000
Gabon,17.39,2000
Albania,16.58,2000
Saint Lucia,16.49,2000
Poland,16.31,2000
Bulgaria,16.22,2000
Croatia,16.06,2000
Lithuania,15.93,2000
Botswana,15.88,2000
Jamaica,15.54,2000
Sudan,15.45,2000
Argentina,15,2000
Tajikistan,14.96,2000
Tunisia,14.94,2000
S.T.&Principe,14.4,2000
Latvia,14.21,2000
Venezuela,13.99,2000
Spain,13.79,2000
Jordan,13.7,2000
Morocco,13.58,2000
Somalia,13.54,2000
Estonia,13.36,2000
Zambia,12.93,2000
Kazakhstan,12.75,2000
Suriname,12.69,2000
Uruguay,12.63,2000
Serbia,12.6,2000
Uzbekistan,12.06,2000
Belarus,12,2000
Guyana,11.84,2000
Azerbaijan,11.78,2000
Ukraine,11.71,2000
Turkmenistan,11.67,2000
Djibouti,11.66,2000
Afghanistan,11.65,2000
Yemen,11.57,2000
Iran,11.48,2000
Greece,11.25,2000
Finland,11.13,2000
Israel,11.1,2000
Armenia,11.05,2000
Belize,10.87,2000
Italy,10.84,2000
Georgia,10.82,2000
Cape Verde,10.79,2000
Palestine,10.63,2000
Russia,10.58,2000
Chile,10.49,2000
Ghana,10.36,2000
France,10.22,2000
Puerto Rico,10.08,2000
Mauritania,9.98,2000
Brazil,9.9,2000
Gambia,9.53,2000
Syria,9.51,2000
Euro area,9.43,2000
Paraguay,9.36,2000
Barbados,9.35,2000
Mauritius,9.24,2000
Iraq,9.04,2000
Egypt,8.98,2000
Czechia,8.76,2000
Eq. Guinea,8.54,2000
Moldova,8.46,2000
Lebanon,8.31,2000
Haiti,8.22,2000
Germany,7.92,2000
Sri Lanka,7.74,2000
Cameroon,7.6,2000
Nicaragua,7.58,2000
Kyrgyzstan,7.54,2000
Bahamas,7.16,2000
Romania,6.97,2000
El Salvador,6.96,2000
Slovenia,6.92,2000
Eritrea,6.87,2000
Canada,6.83,2000
Macao,6.8,2000
Belgium,6.59,2000
Hungary,6.56,2000
Turkey,6.5,2000
Domin. Rep.,6.43,2000
Malta,6.32,2000
Australia,6.28,2000
Mongolia,6.18,2000
New Zealand,6.13,2000
Indonesia,6.08,2000
Malawi,6.03,2000
Madagascar,5.8,2000
Peru,5.78,2000
India,5.75,2000
Senegal,5.64,2000
Zimbabwe,5.64,2000
UK,5.56,2000
Brunei,5.53,2000
Sweden,5.47,2000
Mali,5.33,2000
Costa Rica,5.08,2000
Cyprus,4.97,2000
Hong Kong,4.92,2000
Ecuador,4.8,2000
Vanuatu,4.72,2000
Japan,4.7,2000
Austria,4.69,2000
Samoa,4.64,2000
Comoros,4.59,2000
Saudi Arabia,4.57,2000
Guinea,4.53,2000
Ivory Coast,4.52,2000
Denmark,4.48,2000
C.A. Republic,4.47,2000
Togo,4.46,2000
South Korea,4.4,2000
Ireland,4.32,2000
USA,3.99,2000
Fiji,3.96,2000
Honduras,3.92,2000
Angola,3.87,2000
Nigeria,3.83,2000
Portugal,3.81,2000
Panama,3.79,2000
Tonga,3.74,2000
Philippines,3.71,2000
Singapore,3.7,2000
Tr.&Tobago,3.61,2000
Ethiopia,3.49,2000
Oman,3.49,2000
Norway,3.46,2000
Sierra Leone,3.44,2000
China,3.3,2000
Bangladesh,3.27,2000
G.-Bissau,3.16,2000
Tanzania,3.08,2000
Malaysia,3,2000
North Korea,2.97,2000
Kenya,2.93,2000
Papua N.G.,2.92,2000
DR Congo,2.91,2000
Bolivia,2.89,2000
Mozambique,2.85,2000
Uganda,2.85,2000
Guatemala,2.8,2000
Netherlands,2.73,2000
Switzerland,2.67,2000
Mexico,2.65,2000
Burkina Faso,2.57,2000
Thailand,2.39,2000
Luxembourg,2.35,2000
Liberia,2.32,2000
Vietnam,2.26,2000
UA Emirates,2.25,2000
Solomon Isl.,2.13,2000
Maldives,1.97,2000
Laos,1.95,2000
Iceland,1.94,2000
Burundi,1.87,2000
Nepal,1.8,2000
Bhutan,1.64,2000
Niger,1.48,2000
Cambodia,1.07,2000
Chad,1.05,2000
Bahrain,0.95,2000
Benin,0.84,2000
Burma,0.82,2000
Kuwait,0.8,2000
Rwanda,0.77,2000
Pakistan,0.63,2000
Qatar,0.57,2000
